ID,Date,Content,Likes,Comments
"4790511","2024-09-09 01:21:00","Trắng tay sau bão Yagi. Quảng NinhMột ngày sau bão Yagi; gia đình anh Vũ Văn Diễn vẫn sống trong cảnh màn trời chiếu đất; đồ đạc hư hỏng hết; phải bắt đầu từ con số 0.. Anh Diễn; 35 tuổi cùng vợ Nguyễn Thị Chi; 35 tuổi là một trong số hàng trăm hộ dân bị thiệt hại nặng sau khi bão Yagi đổ bộ vào Quảng Ninh trưa 7/9. Hai ngày trước bão; vợ chồng anh Diễn nhiều lần gọi điện dặn gia đình ở quê Nam Định phải chằng chống nhà cửa bằng bao cát; chuẩn bị lương khô; sạc điện thoại. Với ngôi cấp bốn rộng 120 m2 đang thuê ở và bán hàng; anh mua hàng chục cuộn dây thừng giằng buộc mái tôn với các cột kèo; tránh bão giật tung. Các cây xanh trước cửa nhà cũng được anh Diễn cắt tỉa bớt cành để giảm gánh nặng. Sáng 7/9; khi bão cách đất liền hơn 100 km; trời đổ mưa nặng hạt; không ai dám ra ngoài nên anh đóng cửa không nhận khách. Ngôi nhà của anh Diễn bị bão thổi bay mái. Ảnh: Phạm Dự 11h30 ngày 7/9; anh Diễn nghe tiếng gió rít liên hồi; mưa dội xuống mái tôn kêu vang trời. Hé cửa vừa lọt một mắt nhìn ra ngoài; anh thấy trời tối sầm; biển quảng cáo; cành cây bay khắp nơi. Chưa kịp khép lại; gió đã quật cửa mở toang. Vợ chồng anh Diễn và con trai lớn phải hò nhau giữ hai cánh cửa để chốt trong. Trời đang mưa to thì ngớt; gió ngừng rít. Anh Diễn nhớ lời dặn của cụ già trong khu phố ""trước trận cuồng phong trời thường trở lặng"". Lập tức cả gia đình kéo nhau vào phòng kho phía sau trú ẩn. Vài phút sau; gió xoáy ập đến; mái tôn bị giật tung và thổi bay ra sân sau. ""Vợ và ba đứa con khóc thét; chân tay run lẩy bẩy""; anh Diễn kể lại. Dù rất sợ; anh trấn an cả nhà; choàng tay ôm bốn mẹ con lùi vào nhà tắm ẩn nấp. Gió gào thét; mưa xối xả dội xuống liên tục hơn 2 tiếng; cả nhà anh Diễn chỉ dám rời nhà tắm cho tới khi cảm nhận gió nam xuất hiện. Người dân kể lại khoảnh khắc gió bão giật tung mái; phải trú trong nhà tắm. Video: Huy Mạnh Ngôi nhà vợ chồng Diễn thuê rộng chừng 120 m2; ở mặt quốc lộ 18; phường Quang Hanh; TP Cẩm Phả. Toàn bộ tầng 1 dùng để bán cơm rang; phở bò. Gác lửng bên trên anh cải tạo thành hình chữ L; rộng khoảng 20 m2; cao 1;5 m để làm phòng học cho ba con và chỗ ngủ của cả nhà. Bão đi qua; mái tôn bị thổi bay; ngôi nhà cấp 4 trống hoác hứng trọn nắng mưa. Toàn bộ sách vở; đồ dùng học tập của ba con ướt nhèm; rách tươm. Hoài Anh; 8 tuổi; con gái út của anh Diễn cả ngày rầu rĩ; tiếc bộ sách giáo khoa mới dùng được hai ngày. Hai bài tập cô giáo giao; em làm cả tối cũng bị gió thổi bay. Hai anh 11 và 14 tuổi cũng không biết lấy sách vở gì để bắt đầu tuần học mới. Anh Diễn nhẩm tính thiệt hại khoảng 150 triệu đồng. ""Quán ăn; cần câu cơm duy nhất của gia đình; phải đóng cửa trong lúc chờ sửa chữa. Đồ đạc sinh hoạt; kinh doanh cũng phải sắm lại từ đầu để tiếp tục cuộc sống""; anh nói. Cách nhà anh Diễn gần 2 km; hàng chục hộ dân ở phường Cẩm Sơn; TP Cẩm Phả cũng tan hoang sau bão. Hầu hết nhà bị bay tấm tôn; cong cửa; gãy cây. Anh Trần Phi Công; trú phường Cẩm Sơn; kể trước khi bão đổ bộ đã dành hơn nửa ngày dọn dẹp phòng chống bão. Lạc quan bởi ngôi nhà của gia đình từng đứng vững qua bao mùa gió bão nên anh chỉ cắt tỉa cành cây lớn quanh nhà; cất hoặc vứt bỏ bìa tôn; sắt vụn cùng những vật dụng dễ bị gió thổi bay. Anh Trần Phi Công đang dọn dẹp lại ngôi nhà sau bão. Ảnh: Giang Huy Nhưng ngoài dự tính; trưa 7/9 bão đổ bộ khiến mái tôn cứ phập phồng sắp bung; cửa rung lắc bần bật. Anh Công vội thu dọn bớt điện thoại di động ở buồng ngoài; nơi dùng để kinh doanh; sửa chữa điện thoại. Song chưa thu được bao nhiêu thì gió xoáy ập đến; thổi bay mái tôn. ""Lúc đó tôi đứng trong góc nhà; nghe tiếng động mạnh nên ngước nhìn lên thì thấy mái tôn đang văng ra xa. Chạy nép vào góc tường trong cùng; tôi vẫn bị mảnh sắt bay cứa đứt tay""; anh Công nhớ lại. Mái nhà anh Công trước lợp ngói; kết cấu khung sắt. Một năm trước; do ngói cũ kỹ nên anh chi hơn 150 triệu đồng bắn tôn lạnh. Sau khi mái tôn bị cuốn đi; các trận gió liên tiếp khiến đồ đạc trong nhà anh vỡ vụn. Màn hình tivi; máy vi tính để bàn vỡ làm đôi; ba chiếc xe máy đổ bẹp đè lên nhau. Quần áo bị gió cuốn. ""Bao năm tích cóp sắm sửa được ít đồ đạc; giờ tôi thành tay trắng. Buồn hơn cả là quần áo mới cùng các bộ sách vở; cặp sách; đồ dùng học tập mới tinh của ba đứa con bị rách tươm""; anh Công nói. Không chỉ TP Cẩm Phả; TP Hạ Long cũng thiệt hại nặng nề do bão Yagi. Toàn bộ cửa hàng kinh doanh nhà hàng; cà phê; đồ lưu niệm ở dãy nhà liền kề thuộc khu ẩm thực phố Cổ; sát công viên Hạ Long; bị gió quật đổ; trơ khung thép. Một ngày khi bão đi qua; toàn khu phố vẫn tan hoang. Khu phố Cổ; sát công viên Hạ Long; tan hoang sau bão. Ảnh: Giang Huy Chiều 8/9; vợ chồng ông Vũ Văn Lương; 60 tuổi; cùng 14 nhân viên tất bật bới từng ngóc ngách trong nhà hàng hải sản của gia đình ở đường ven biển Hạ Long để tìm lại đồ còn giá trị sử dụng. Ông đã đầu tư nhà hàng từ 9 tháng trước với tổng giá trị hơn 2 tỷ đồng. Nhà hàng rộng 700 m2; sức chứa 300 khách một lúc và có 14 nhân viên làm việc thường xuyên. Song bão đã thổi bay toàn bộ phần mái; biển hiệu; khiến nhiều đồ đạc có giá hư hỏng. ""Chiều nay tôi đã gọi nhân viên đến xin lỗi; tình thế buộc phải cho tất cả nghỉ việc. Đau lòng lắm; đi hết cơ nghiệp; phải làm lại từ đầu; 14 con người bỗng thất nghiệp mà không biết phải làm sao""; ông Lương nói. Sống vài chục năm ở vùng ven biển Hạ Long; ông Long nói chưa từng chứng kiến cơn bão nào khủng khiếp đến thế. Bình thường bão đổ bộ Quảng Ninh chỉ khoảng 1-2 tiếng là sang địa phương khác hoặc suy yếu; nhưng lần này càn quét suốt từ 12h đến 18h với sức gió cực mạnh (cấp 11-13) mới sang đến Hải Dương. UBND tỉnh Quảng Ninh thống kê đến chiều 8/9 có 5 người chết; 157 người bị thương; 19.500 nhà bị tốc mái; 21 phương tiện vận tải thủy; 23 tàu du lịch; 41 tàu cá bị chìm; trôi dạt; hơn 1.297 cột điện bị gãy; 70% cây xanh bị gãy đổ. Hơn 1.100 lồng bè nuôi thủy sản bị chìm hoặc cuốn trôi. Phạm Dự",0,0
"4790233","2024-09-07 17:29:00","Tan hoang vì bão Yagi. . TP Hải Phòng ngổn ngang sau khi bão Yagi quét qua. Cần cẩu ở công trường trên đường Hồng Bàng; quận Hồng Bàng bị gãy đổ; trưa 7/9. Ảnh: Lê Tân TP Hải Phòng ngổn ngang sau khi bão Yagi quét qua. Cần cẩu ở công trường trên đường Hồng Bàng; quận Hồng Bàng bị gãy đổ; trưa 7/9. Ảnh: Lê Tân Cây đổ làm sập một phần bức tường bao cảng Hải Phòng; đoạn qua đường Lê Thánh Tông; quận Ngô Quyền. Ảnh: Lê Tân Cây đổ làm sập một phần bức tường bao cảng Hải Phòng; đoạn qua đường Lê Thánh Tông; quận Ngô Quyền. Ảnh: Lê Tân Đường Lê Thánh Tông; quận Ngô Quyền; ngổn ngang sau gần 10 tiếng mưa gió mạnh. Ảnh: Lê Tân Đường Lê Thánh Tông; quận Ngô Quyền; ngổn ngang sau gần 10 tiếng mưa gió mạnh. Ảnh: Lê Tân Khoảng 50% cây xanh trên các tuyến đường trung tâm thành phố như Lê Thánh Tông; Trần Phú; Điện Biên Phủ; Hoàng Diệu; Trần Hưng Đạo... bị gãy đổ khiến giao thông bị chia cắt. Ảnh: Lê Tân Khoảng 50% cây xanh trên các tuyến đường trung tâm thành phố như Lê Thánh Tông; Trần Phú; Điện Biên Phủ; Hoàng Diệu; Trần Hưng Đạo... bị gãy đổ khiến giao thông bị chia cắt. Ảnh: Lê Tân Rào chắn bằng tấm tôn bị quật đổ trong cảng Hoàng Diệu; Hải Phòng. Ảnh: Lê Tân Rào chắn bằng tấm tôn bị quật đổ trong cảng Hoàng Diệu; Hải Phòng. Ảnh: Lê Tân Quảng Ninh cũng gánh nhiều thiệt hại do bão. Những tấm tôn bay đè lên thuyền tránh bão bên cảng Cái Rồng; huyện Vân Đồn; khiến người dân phải đội mưa dọn dẹp. Ảnh: Giang Huy Quảng Ninh cũng gánh nhiều thiệt hại do bão. Những tấm tôn bay đè lên thuyền tránh bão bên cảng Cái Rồng; huyện Vân Đồn; khiến người dân phải đội mưa dọn dẹp. Ảnh: Giang Huy Khắp huyện Vân Đồn tan hoang khi những tấm tôn; biển báo đổ sập. Người dân tranh thủ lúc ngớt mưa ra ngoài dọn dẹp. Ảnh: Phạm Dự Khắp huyện Vân Đồn tan hoang khi những tấm tôn; biển báo đổ sập. Người dân tranh thủ lúc ngớt mưa ra ngoài dọn dẹp. Ảnh: Phạm Dự Cây ven đường bị thổi nghiêng; lật gốc; gãy cành khi bão Yagi đổ bộ đầu giờ chiều. Ảnh: Phạm Dự Cây ven đường bị thổi nghiêng; lật gốc; gãy cành khi bão Yagi đổ bộ đầu giờ chiều. Ảnh: Phạm Dự Nằm cách xa tâm bão nhưng Hà Nội gió lốc từng cơn từ buổi sáng. Đến đầu giờ chiều tốc độ gió tăng lên; giật dữ dội; thổi bay mái tôn nhà xưởng Công ty giày ở Thượng Đình; Thanh Xuân; Hà Nội. Ảnh cắt từ clip. Nằm cách xa tâm bão nhưng Hà Nội gió lốc từng cơn từ buổi sáng. Đến đầu giờ chiều tốc độ gió tăng lên; giật dữ dội; thổi bay mái tôn nhà xưởng Công ty giày ở Thượng Đình; Thanh Xuân; Hà Nội. Ảnh cắt từ clip. Cây đổ chắn ngang đường Hoàng Quốc Việt; quận Cầu Giấy khiến giao thông tê liệt. Cây đổ chắn ngang đường Hoàng Quốc Việt; quận Cầu Giấy khiến giao thông tê liệt. Cây cổ thụ gãy đổ trên đường Hoàng Quốc Việt đè bẹp một ôtô đang đậu. Cây cổ thụ gãy đổ trên đường Hoàng Quốc Việt đè bẹp một ôtô đang đậu. Gió mạnh làm đổ nhiều gốc cây cổ thụ trên đường Nguyễn Huy Tưởng; quận Thanh Xuân. Thân cây và tán của cây chiếm hết phần đường khiến phương tiện không thể di chuyển. Ảnh: Hoàng Giang Gió mạnh làm đổ nhiều gốc cây cổ thụ trên đường Nguyễn Huy Tưởng; quận Thanh Xuân. Thân cây và tán của cây chiếm hết phần đường khiến phương tiện không thể di chuyển. Ảnh: Hoàng Giang Lực lượng chức năng kết hợp với Công ty cây xanh liên tục trực dọn dẹp cây đổ trên đường phố Trần Quốc Hoàn; quận Cầu Giấy. Ảnh: Duy Anh Lực lượng chức năng kết hợp với Công ty cây xanh liên tục trực dọn dẹp cây đổ trên đường phố Trần Quốc Hoàn; quận Cầu Giấy. Ảnh: Duy Anh Nhiều hàng quán tạm trên trên vỉa hè đường Lê Văn Lương (quận Thanh Xuân) bị gió bão xé toang mái; bạt. Ảnh: Hoàng Giang Nhiều hàng quán tạm trên trên vỉa hè đường Lê Văn Lương (quận Thanh Xuân) bị gió bão xé toang mái; bạt. Ảnh: Hoàng Giang Nhiều cây si dưới chân toà chung cư trên mặt đường 70 phường Yên Xá; huyện Thanh Trì bị bật gốc; gãy đổ la liệt. Ảnh: Lê Hiếu Nhiều cây si dưới chân toà chung cư trên mặt đường 70 phường Yên Xá; huyện Thanh Trì bị bật gốc; gãy đổ la liệt. Ảnh: Lê Hiếu Cây đổ trong trường Đại học quốc gia Hà Nội chiều 7/9. Ảnh: Duy Anh Cây đổ trong trường Đại học quốc gia Hà Nội chiều 7/9. Ảnh: Duy Anh Nhóm phóng viên",0,0
"4788545","2024-09-03 08:50:00","Bão Yagi vào Biển Đông. Vào Biển Đông rạng sáng 3/9; Yagi trở thành cơn bão thứ ba ở khu vực này; dự báo tăng cấp khi tiến gần các tỉnh từ Quảng Ninh đến Phú Yên.. Lúc 7h; tâm bão ở vùng biển phía đông bắc khu vực Bắc Biển Đông; sức gió mạnh nhất 74 km/h; cấp 8; giật cấp 11; đang theo hướng tây tây bắc với tốc độ 20-25 km/h; theo Trung tâm Dự báo Khí tượng Thủy văn. Dự báo đến 7h ngày mai; bão cách đảo Hải Nam (Trung Quốc) khoảng 740 km; sức gió mạnh nhất cấp 9-10; giật cấp 12; giảm tốc độ còn 10 km/h. Đến 7h ngày 5/9; bão cách đảo Hải Nam khoảng 400 km; đạt cấp 11-12; giật cấp 14. Những giờ tiếp theo bão giữ tốc độ và đổi hướng tây. Đến 7h ngày 6/9; bão trên vùng biển phía đông đảo Hải Nam; sức gió mạnh nhất cấp 13; giật cấp 16. Dự báo hướng đi và vùng ảnh hưởng bão Yagi; 7h ngày 3/9. Ảnh: Hệ thống giám sát thiên tai Đài khí tượng Nhật Bản cho biết sức gió mạnh nhất của bão hiện 90 km/h; khi đi về hướng đảo Hải Nam sẽ tăng lên hơn 160 km/h. Đài Hong Kong cũng nhận định tương tự về hướng đi; sức gió mạnh nhất của bão trước khi qua đảo Hải Nam là 155 km/h. Ông Nguyễn Văn Hưởng; Trưởng phòng Dự báo thời tiết; Trung tâm Dự báo Khí tượng Thủy văn quốc gia; nhận định bão Yagi khi vào Biển Đông sẽ liên tục tăng cấp do gặp các điều kiện khí quyển như gió; khí áp; nhiệt độ thuận lợi để mạnh lên và di chuyển chếch hướng tây. Do ảnh hưởng của bão; từ ngày 3/9; vùng biển đông bắc khu vực Bắc Biển Đông gió mạnh cấp 6; vùng gần tâm bão mạnh cấp 8-9; giật trên cấp 11-12; sóng biển cao 3-5 m. Hôm qua; Bộ Trưởng Nông nghiệp và Phát triển nông thôn Lê Minh Hoan đã ký công điện yêu cầu các tỉnh; thành Quảng Ninh - Phú Yên theo dõi diễn biến của bão; thông báo cho tàu thuyền biết về hướng đi để chủ động tránh cũng như sẵn sàng lực lượng cứu hộ cứu nạn khi có yêu cầu. Từ đầu năm; Biển Đông có hai cơn bão; trong đó bão Prapiron vào Quảng Ninh ngày 23/7; gây mưa lớn cho hầu hết miền Bắc; làm 14 người chết; 5 người mất tích tại TP Hà Nội; Điện Biên; Sơn La; Thái Nguyên; Bắc Giang. Gia Chính",0,0
"4790526","2024-09-09 04:00:00","N/A. Quảng NinhSau bão; Hồng Yến; ở Hạ Long; phải mua rau xanh ở chợ với giá gấp 3; sống không điện; không nước; không sóng điện thoại.. VnExpress mở chiến dịch ""Chung tay cùng đồng bào vùng bão lũ"" nhằm hỗ trợ người dân vượt lên nghịch cảnh thiên tai; tái thiết cuộc sống. Mọi đóng góp của bạn xin ủng hộ tại đây Liên hệ: 084 666 0123 hoặc podcast@vnexpress.net.",0,0
"4902365","2024-09-09 04:00:00","N/A. . ",0,0
"4790313","2024-09-08 04:00:00","N/A. Chuẩn bị mọi thứ để ""ở yên"" 2 ngày nhưng chỉ 30 phút sau khi gió giật; hàng trăm cư dân nơi Việt Anh ở hoảng loạn tìm chỗ trú vì cao ốc rung lắc; tường kính bị lột trần.. VnExpress mở chiến dịch ""Chung tay cùng đồng bào vùng bão lũ"" nhằm hỗ trợ người dân vượt lên nghịch cảnh thiên tai; tái thiết cuộc sống. Mọi đóng góp của bạn xin ủng hộ tại đây Liên hệ: 084 666 0123 hoặc podcast@vnexpress.net.",0,0
"4790527","2024-09-09 00:26:00","24 người chết do bão Yagi. Bão Yagi đổ bộ miền Bắc đã làm 24 người chết; 3 người mất tích; trong đó Lào Cai 6; Quảng Ninh 5; Hà Nội và Hòa Bình mỗi tỉnh thành 4 người chết.. Thống kê đến tối 8/9 của Cục Quản lý đê điều và Phòng chống thiên tai cũng như một số địa phương cho thấy cơn bão mạnh nhất trong hàng chục năm qua đã làm 24 người chết; chủ yếu do sạt lở đất; cây đổ đè trúng người. Tâm bão Quảng Ninh chịu nhiều thiệt hại nhất với 5 người chết; trong đó có sĩ quan của Quân khu 3 và sĩ quan công an của trại giam tỉnh. Trong 229 người bị thương trên toàn khu vực thì Quảng Ninh có tới 157. Tất cả đều gặp nạn trong ngày bão đổ bộ với sức gió cấp 12-13; riêng Bãi Cháy tới cấp 14. Lào Cai và Hòa Bình nằm trong vùng ảnh hưởng trực tiếp của bão; sức gió cấp 8-9; mưa liên tục hai ngày qua khiến đất no nước; liên kết kém và sạt lở. Ngoài 6 người bị chết ở thị xã Sa Pa; Lào Cai còn 9 người bị thương do sạt lở vùi lấp khu dân cư nằm cách chân núi khoảng 100 m. Nhà dân ở TP Cẩm Phả; Quảng Ninh tan hoang sau bão Yagi. Ảnh: Giang Huy Nằm trên đường di chuyển của bão và hứng chịu gió cấp 10; Hà Nội ghi nhận 4 người chết; 17 người bị thương; chủ yếu do cây đổ đè trúng. Thành phố thống kê có tới 24.800 cây đổ; tập trung ở Hoàng Mai; Long Biên; Gia Lâm; Đông Anh; Nam Từ Liêm... Các địa phương khác như Hải Phòng ghi nhận 2 người chết; Hải Dương; Yên Bái; Lạng Sơn mỗi nơi một người chết. Bắc Giang có một người; Tuyên Quang hai người mất tích do lũ cuốn. Bão Yagi đã làm hơn 8.010 ngôi nhà bị hư hỏng; 25 tàu thuyền ở Quảng Ninh bị chìm tại nơi neo đậu. Tỉnh Quảng Ninh cũng có hơn 1.100 lồng bè nuôi thủy sản bị chìm hoặc cuốn trôi. Hệ thống điện và viễn thông bị tê liệt diện rộng. Quảng Ninh; Hải Phòng; Thái Bình; Hải Dương; Hà Nội bị mất điện do 5 đoạn đường dây 500kV; 31 đường dây 220kV; 97 đường dây 110kV gặp sự cố. Đến tối 8/9; nhiều khu vực ở Quảng Ninh; Hải Phòng vẫn chưa có điện. Cột điện đổ trên đường phố TP Cẩm Phả; Quảng Ninh; sáng 8/9. Ảnh: Giang Huy Ngành nông nghiệp thống kê gần 110.000 ha lúa bị ngập úng; tập trung tại Hải Phòng 7.000 ha; Thái Bình 29.000 ha; Hưng Yên 12.110 ha; Hải Dương 18.500 ha. 17.920 ha hoa màu; 6.900 ha cây ăn quả bị hư hại. Hiện nhiều tỉnh miền Bắc vẫn mưa. Cơ quan khí tượng dự báo trong 24-48 giờ tới Tây Bắc Bộ mưa 70-140 mm; có nơi trên 250 mm; từ đêm 9/9 đến chiều tối 10/9 mưa 50-100 mm; có nơi trên 200 mm. Đông Bắc Bộ và Thanh Hóa mưa nhỏ hơn; dao động 40-80 mm; có nơi trên 150 mm từ đêm 8/9 đến tối 9/9. 17/25 tỉnh thành miền Bắc đối diện nguy cơ sạt lở đất. 15 giờ bão càn quét qua miền Bắc. Video: Nhóm phóng viên Gia Chính",0,0
"4790367","2024-09-08 11:12:00","Bão Yagi làm 14 người chết. Bão Yagi đổ bộ Quảng Ninh - Hải Phòng với sức gió cấp 12-13 làm 14 người chết; trong đó Quảng Ninh 4; Hà Nội 3 người; 176 người khác bị thương.. Theo Cục Cứu hộ - Cứu nạn; Bộ Quốc phòng; tổng hợp đến 10h sáng nay bão Yagi đã làm 4 người ở Quảng Ninh; 4 người ở Hòa Bình; 3 người ở Hà Nội; Hải Phòng; Hải Dương; Quân khu 3 mỗi nơi có một người chết. Ngoài ra; 176 người; chủ yếu ở Quảng Ninh bị thương. Các nạn nhân chủ yếu do bị cây đổ đè vào người; sạt lở đất và tàu bè trôi; mất tích. Tâm bão Quảng Ninh hứng chịu sức gió mạnh nhất ở Bãi Cháy lên tới cấp 14; các khu vực cấp 12-13 chịu nhiều tổn thất nhất về tài sản. Thống kê đến sáng nay; tỉnh có 38 tàu; thuyền bị chìm; mất tích; 1.000 lồng bè nuôi trồng thủy sản bị hư hại; chìm; mất tích. Số nhà bị tốc mái; hư hại lên đến hàng nghìn. Cột điện gãy đổ ở Đồ Sơn; Hải Phòng. Ảnh: Anh Phú Mạng lưới điện chịu thiệt hại với 401 cột điện bị gãy đổ; 27 trạm biến áp hư hỏng. Từ chiều đến tối qua; toàn tỉnh Quảng Ninh; TP Hải Phòng và Thái Bình phải cắt điện để khắc phục sự cố và đảm bảo an toàn trong mưa bão; làm hơn 3 triệu khách hàng (hộ gia đình; doanh nghiệp) bị ảnh hưởng. Đến sáng nay; nhiều khu vực vẫn mất điện. Sóng di động cũng gián đoạn từ chiều qua do 7 tuyến cáp quang liên tỉnh đứt; 27 cột phát sóng gãy đổ; 6.285 trạm mất điện trong bão Yagi; theo Cục Viễn thông; Bộ Thông tin và Truyền thông. Đến sáng nay; tại một khu vực ở Hải Phòng; Quảng Ninh và Hải Dương; nhiều người phản ánh chưa bắt được sóng di động. 121.500 ha lúa và hoa màu bị ngập; hư hại sau bão; tập trung tại Thái Bình; Hải Phòng; Hải Dương; Bắc Ninh; Hà Nội; Nam Định; Hưng Yên; Hà Nam. 5.000 ha cây ăn quả tại Hải Phòng; Thái Bình; Hưng Yên bị hư hại. Cây xanh ở miền Bắc gãy đổ rất nhiều; địa phương đang thống kê; riêng Hà Nội khoảng 17.000 cây. Một chiếc ôtô bị cây đổ đè bẹp ở bán đảo Linh Đàm; Hà Nội. Ảnh: Lộc Chung Sáng 8/9; Thủ tướng Phạm Minh Chính chủ trì hội nghị trực tuyến với 26 địa phương từ Thanh Hóa trở ra để đánh giá công tác chỉ đạo ứng phó; triển khai các biện pháp cấp bách khắc phục hậu quả bão Yagi. Phát biểu mở đầu hội nghị; Thủ tướng Phạm Minh Chính nói bão Yagi hoành hành trên đất liền hơn một ngày gây hậu quả nghiêm trọng. Hoàn lưu bão sẽ tiếp tục gây mưa lũ; nhất là các tỉnh miền núi phía Bắc. Thủ tướng yêu cầu cần rà soát ngay; hỗ trợ cho các địa phương bị thiệt hại; các gia đình có người thiệt mạng. Trong lúc này; người dân đang phải chịu thiệt hại; phải bàn với tinh thần khẩn trương; tiếp tục triển khai ngay các công việc khắc phục hậu quả bão; kịp thời xử lý các vấn đề liên quan tới đời sống người dân; sản xuất; kinh doanh; ứng phó sạt lở; sụt lún. Bão giảm cấp không theo quy luật thông thường Tại hội nghị; Bộ Tài nguyên và Môi trường đánh giá bão Yagi ""rất đặc biệt""; hình thành phía đông Philippines; mạnh lên thành siêu bão trên Biển Đông và là cơn bão mạnh nhất tại đây trong 30 năm qua. Yagi tăng cường độ rất nhanh; trong 24 giờ đã tăng 8 cấp lên cấp 16 siêu bão và duy trì cấp này trong thời gian dài. Kể cả khi đổ bộ đảo Hải Nam của Trung Quốc đêm 6/9; bão vẫn đạt cấp siêu bão. Mức độ giảm cấp trên đường đi của Yagi ""không theo quy luật thông thường"". Bình thường các cơn bão đi qua đảo Hải Nam vào vịnh Bắc Bộ do ma sát với đảo sẽ yếu đi nhanh; nhưng Yagi chỉ giảm 2 cấp; còn 14. Khi áp sát bờ biển Quảng Ninh - Hải Phòng vào trưa qua; bão vẫn giữ cấp 12-13. Thời gian Yagi lưu trên đất liền kéo dài 12 giờ; trong đó nhiều giờ sau khi đổ bộ Quảng Ninh - Hải Phòng bão vẫn giữ cấp 12-13. Đến 4h sáng nay; Yagi suy yếu thành áp thấp nhiệt đới ở Tây Bắc Bộ; dự báo trong 12-24 giờ tới suy yếu thành vùng thấp và tan dần. Hôm qua; lý giải vì sao bão chậm giảm cấp dù đã đổ bộ; ông Mai Văn Khiêm; Giám đốc Trung tâm Dự báo Khí tượng Thủy văn quốc gia; cho biết hoàn lưu của bão Yagi rất rộng; bao trùm cả Bắc Bộ; Bắc Trung Bộ và có tính chất đối xứng khiến việc giảm cấp nhanh rất khó. Bề mặt đệm ở Bắc Bộ nóng; ẩm; là nguồn cung cấp năng lượng cho bão. Hà Nội tan hoang sau bão Yagi. Video: Lộc Chung - Văn Ngọc - Bá Nam Bộ Tài nguyên và Môi trường đánh giá dự báo của Việt Nam về cường độ; hướng đi của bão Yagi sát với thực tế từ khi ở vịnh Bắc Bộ cũng như khi vào đất liền. Dự báo hai ngày tới hoàn lưu bão Yagi sẽ gây mưa lớn cho đồng bằng; trung du và miền núi phía Bắc; lượng mưa trung bình 24 giờ có thể lên tới 100-150 mm; có nơi lên đến hơn 200 mm. Trên các sông nhỏ ở Quảng Ninh; Lạng Sơn; Cao Bằng; Hòa Bình; lũ có thể lên mức báo động 2-3. Các tỉnh thành Quảng Ninh; Hải Phòng; Lạng Sơn; Thái Nguyên; Cao Bằng; Hà Giang; Yên Bái; Bắc Kạn; Nam Định; Thái Bình; Hà Nam; Hà Nội có nguy cơ cao ngập lụt do mưa lớn. Nhiều địa phương như Quảng Ninh; Lạng Sơn; Bắc Kạn; Thái Nguyên; Bắc Giang; Vĩnh Phúc; Hòa Bình; Phú Thọ; Tuyên Quang; Yên Bái; Sơn La; Lai Châu; Lào Cai; Thanh Hòa đối diện nguy cơ lũ ống; lũ quét; sạt lở đất. Viết Tuân - Gia Chính",0,0
"4902364","2024-09-08 04:00:00","N/A. . ",0,0
"4789136","2024-09-05 06:32:00","Bão Yagi mạnh lên cấp 15. Bão Yagi đã mạnh lên cấp 15 với sức gió tối đa 183 km/h; tăng 3 cấp so với chiều qua và khả năng đạt cấp 16 (siêu bão) trong hôm nay.. Trung tâm Dự báo Khí tượng Thủy văn quốc gia cho biết lúc 4h sáng nay tâm bão Yagi đang trên vùng biển bắc khu vực Bắc Biển Đông; cách đảo Hải Nam (Trung Quốc) khoảng 550 km. Bão theo hướng tây; sau chếch lên bắc một chút; tốc độ 10 km/h; đến 4h ngày mai sẽ cách đảo Hải Nam khoảng 210 km; sức gió 184-201 km/h; cấp siêu bão. Sau đó siêu bão tăng tốc 10-15 km/h; đi sượt qua bán đảo Lôi Châu (Trung Quốc); vào vịnh Bắc Bộ đêm 6 rạng sáng 7/9. Lúc này gió bão giảm còn cấp 13-14; tức trong ngưỡng 134-166 km/h; giật cấp 17. Vẫn giữ hướng và tốc độ 10-15 km/h; bão sau đó đổ bộ khu vực Quảng Ninh - Hải Phòng và đi sâu vào miền Bắc; trong đó có Hà Nội. Dự báo đường đi và vùng ảnh hưởng của bão Yagi; sáng 5/9. Ảnh: NCHMF Đài khí tượng Nhật Bản cho biết gió bão đang là 180 km/h; chiều nay sẽ đạt cực đại 198 km/h. Đài Hong Hong đánh giá Yagi đang là siêu bão với sức gió 205 km/h; chiều nay tăng lên 210 km/h. Đài Hải quân Mỹ thì cho rằng bão sẽ đạt sức gió 205 km/h vào chiều nay trước khi qua bán đảo Lôi Châu. Về hướng đi; các đài quốc tế đều nhận định bão đi chếch lên phía bắc về bán đảo Lôi Châu thay vì lách qua eo biển giữa bán đảo này với đảo Hải Nam như hôm qua. Như thế bão sẽ chịu ma sát với đất liền nhiều hơn. Ông Hoàng Phúc Lâm; Phó giám đốc Trung tâm Dự báo Khí tượng Thủy văn quốc gia; nhận định mối nguy hiểm của bão Yagi là tâm bão chưa vào nhưng khi cách đất liền Việt Nam 400-500 km thì Bắc Bộ đã có thể xuất hiện mưa giông kèm lốc sét. Khả năng đêm 6/9; bão vào vịnh Bắc Bộ nên từ rạng sáng 7/9 khu vực ven biển; đất liền có gió mạnh; mưa tăng rõ rệt. Cao điểm là từ chiều 7 đến sáng 8/9 - thời gian bão đổ bộ; đất liền mưa to; gió rất mạnh. Do bão mạnh; khu vực chịu ảnh hưởng sẽ là Bắc Bộ; Bắc Trung Bộ. Trong đó; trọng tâm gió mạnh; mưa to nhất là các tỉnh thành ven biển Quảng Ninh - Ninh Bình. Biên phòng ở đảo Bạch Long Vĩ; Hải Phòng giúp dân chằng néo tàu thuyền chống bão Yagi; ngày 4/9. Ảnh: Lê Tân Trong 24 giờ tới; Bắc Biển Đông có gió mạnh cấp 11-13; sóng biển cao 7-9 m; vùng gần tâm bão gió mạnh cấp 14-16; giật trên cấp 17; sóng biển cao 10-12 m. Từ đêm 6/9; vịnh Bắc Bộ gió mạnh cấp 10-12; vùng gần tâm bão cấp 13-14; giật cấp 17. Trên đất liền; từ khoảng đêm 6/9 đến sáng 9/9; Bắc Bộ và Bắc Trung Bộ có khả năng xuất hiện đợt mưa to; cục bộ có nơi mưa rất to với tổng lượng phổ biến 100-300 mm; có nơi trên 500 mm; gây nguy cơ ngập úng tại các vùng trũng; thấp; lũ quét trên các sông; suối nhỏ; sạt lở đất trên sườn dốc. Để ứng phó với bão Yagi; Thủ tướng ngày 3/9 đã ban hành công điện yêu cầu hầu hết tỉnh Bắc Bộ; Bắc Trung Bộ chủ động phương án ứng phó. Các địa phương ven biển như Hải Phòng; Quảng Ninh tối qua đã bắn pháo hiệu kêu gọi tàu thuyền vào bờ trú tránh. Hôm nay các tỉnh sẽ ban bố lệnh cấm biển. Gia Chính",0,0
"4788727","2024-09-04 08:48:00","Bão Yagi mạnh lên cấp 11. Một ngày sau khi vào Biển Đông; bão Yagi đã tăng thêm ba cấp và được dự báo tiếp tục tăng cấp trong hôm nay.. Trung tâm Dự báo Khí tượng Thủy văn quốc gia cho biết lúc 7h; tâm bão trên vùng biển phía đông khu vực Bắc Biển Đông; cách đảo Hải Nam (Trung Quốc) khoảng 770 km; sức gió mạnh nhất 117 km/h; cấp 11; giật tăng hai cấp và đang theo hướng tây tây bắc với tốc độ 10 km/h. Đến 7h ngày mai; tâm bão cách đảo Hải Nam khoảng 520 km về phía đông; sức gió mạnh nhất 149 km/h; cấp 13; giật cấp 16; giữ nguyên tốc độ nhưng chuyển hẳn hướng tây. Sau đó; bão giữ hướng; tăng tốc độ lên 10-15 km/h; sức gió mạnh nhất 166 km/h; cấp 14; giật cấp 17. Dự báo hướng đi và vùng ảnh hưởng bão Yagi; sáng 4/9. Ảnh: NCHMF Các đài khí tượng quốc tế đều nhận định bão sẽ đi qua khu vực phía bắc đảo Hải Nam rồi vào bắc vịnh Bắc Bộ. Dù chịu ma sát với đảo; cường độ bão chỉ giảm 1-2 cấp. Đài khí tượng Nhật Bản cho biết bão đang mạnh 126 km/h; trước khi vào đảo Hải Nam tăng lên 180 km/h. Đài Hong Kong đưa ra nhận định bão sẽ tiến sát đảo Hải Nam với sức gió 175 km/h; khi vào vịnh Bắc Bộ giảm còn 155 km/h. Ông Nguyễn Văn Hưởng; Trưởng phòng Dự báo thời tiết; Trung tâm Dự báo Khí tượng Thủy văn quốc gia; giải thích bão liên tục tăng cấp là do khu vực bão đi qua đang có điều kiện khí quyển như gió; khí áp; nhiệt độ thuận lợi. Hiện ảnh vệ tinh cho thấy đường kính vành đĩa mây bão rất lớn; phạm vi ảnh hưởng rộng. Mây bão đậm đặc; mắt bão bắt đầu xuất hiện. Do ảnh hưởng của Yagi; vùng biển phía đông bắc Biển Đông gió mạnh cấp 8-10; vùng gần tâm bão đi qua cấp 11-13; giật cấp 16; sóng biển cao 7-9 m. Ngày 5-6/9; bão ở phía bắc Biển Đông; sức gió mạnh nhất cấp 14; giật cấp 17; sóng biển cao 9-11 m. Trong công điện gửi hầu hết tỉnh; thành miền Bắc; Thanh Hóa - Quảng Ngãi sáng 3/9; Thủ tướng yêu cầu các địa phương kiểm đếm; rà soát tàu thuyền; chủ động phương án cấm biển. Trên đất liền; các địa phương tổ chức sơ tán người dân khỏi nhà yếu; có nguy cơ ngập sâu. Các tỉnh; thành miền núi được yêu cầu di dời; sơ tán dân khỏi khu vực nguy hiểm; đảm bảo an toàn hồ chứa; giao thông và sẵn sàng phương tiện cứu hộ khi có yêu cầu. Các bộ Nông nghiệp và Phát triển nông thôn; Tài nguyên và Môi trường; Quốc phòng; Công an; Giao thông Vận tải; Công Thương theo chức năng quản lý triển khai các biện pháp ứng phó. Từ đầu năm; Biển Đông có hai cơn bão; trong đó bão Prapiron vào Quảng Ninh ngày 23/7; gây mưa lớn cho hầu hết miền Bắc; làm 14 người chết; 5 người mất tích tại TP Hà Nội; Điện Biên; Sơn La; Thái Nguyên; Bắc Giang. Gia Chính",0,0
"4794123","2024-09-18 22:57:00","Bão Yagi gây thiệt hại khoảng 50.000 tỷ đồng. Đến ngày 18/9; thống kê của các tỉnh thành cho thấy thiệt hại kinh tế do bão Yagi gây ra khoảng 50.000 tỷ đồng; dự kiến tiếp tục tăng.. Tại hội nghị tiếp nhận viện trợ khẩn cấp của đối tác quốc tế cho đồng bào bị ảnh hưởng bởi bão Yagi; Thứ trưởng Nông nghiệp và Phát triển nông thôn Nguyễn Hoàng Hiệp cho biết thiệt hại kinh tế do bão là hơn 2 tỷ USD (gần 50.000 tỷ đồng); dự kiến khi thống kê đầy đủ khoảng 2;5 tỷ USD. Mức mới này gấp 5 lần so với tổng thiệt hại thiên tai năm 2023 và cao hơn thiệt hại thiên tai ba năm gần nhất cộng lại. ""Cơn bão gây tổn thất lớn nhất cho Việt Nam từ trước tới nay. Bão quá lớn; gây thảm họa rất rộng; vượt quá sức chống chịu của cơ sở hạ tầng""; ông Hiệp nói. Dự báo thiệt hại kinh tế làm tốc độ tăng trưởng GDP cả năm giảm khoảng 0;15% so với kịch bản tăng trưởng 6;8-7%. Tốc độ tăng trưởng của một số địa phương như Hải Phòng; Quảng Ninh; Thái Nguyên; Lào Cai có thể giảm trên 0;5%. Thứ trưởng Nguyễn Hoàng Hiệp nói về thiệt hại do bão Yagi. Ảnh: Gia Chính Bà Pauline Tamesis; điều phối viên thường trú của Liên Hợp Quốc tại Việt Nam; cho biết ngay sau bão các cơ quan Liên Hợp Quốc đã triển khai ba đoàn đánh giá thiệt hại ở miền Bắc. Với vai trò điều phối; Liên Hợp Quốc đang huy động mọi nguồn lực và sẵn sàng hỗ trợ Việt Nam để khắc phục hậu quả thảm họa. Các tổ chức thành viên đứng đầu trong lĩnh vực này như Y tế; Giáo dục; nước sạch đều đã có những cam kết cụ thể. Tới đây các tổ chức sẽ làm việc với Việt Nam để xây dựng khung kế hoạch chung; đảm bảo tất cả hộ gia đình chịu ảnh hưởng đều được hỗ trợ. Mỹ thông qua Cơ quan phát triển quốc tế Mỹ (USAID) đã hỗ trợ Việt Nam một triệu USD. Đại sứ Mỹ tại Việt Nam Marc E. Knapper cho biết hiện có rất nhiều đối tác ở Mỹ có thể hỗ trợ Việt Nam khắc phục hậu quả thiên tai. Phía Mỹ mong muốn tiếp tục làm việc; sánh vai cùng Chính phủ Việt Nam để hỗ trợ từng người dân bị ảnh hưởng. Đại sứ Mỹ tại Việt Nam cam kết hỗ trợ Việt Nam khắc phục hậu quả bão Yagi. Ảnh: Gia Chính Ngày 11/9; Australia là quốc gia đầu tiên gửi hàng viện trợ Việt Nam ứng phó khẩn cấp với hậu quả bão Yagi. Một tuần qua; nhiều quốc gia; tổ chức quốc tế như Thụy Sĩ; Nhật Bản; Ấn Độ; Anh; WHO; UNDP đã gửi viện trợ cho Việt Nam khoảng 200 tấn hàng hóa và 13 triệu USD. Bão Yagi đổ bộ Quảng Ninh ngày 7/9 với sức gió tại Bãi Cháy cấp 14; giật cấp 17; thuộc nhóm cao nhất từng ghi nhận trên lãnh thổ Việt Nam. Bão và các tác động sau bão đã gây thiệt hại lớn về người với 292 người chết; 37 người mất tích. Mưa lớn sau bão đã gây ra một đợt lũ diện rộng 20/25 tỉnh miền Bắc; khiến hơn 70.000 hộ bị ngập. Gia Chính",0,0
"4792805","2024-09-14 12:13:00","Hà Nội tổng vệ sinh sau bão Yagi. TP Hà Nội phát động toàn dân tham gia tổng vệ sinh môi trường; khắc phục hậu quả bão Yagi trong ngày 14-15/9.. Lễ phát động tổng vệ sinh toàn thành phố do Ủy ban Mặt trận Tổ quốc Việt Nam TP Hà Nội tổ chức sáng 14/9; tại vườn hoa Vạn Xuân; phường Quán Thánh; quận Ba Đình. Phát biểu tại lễ phát động; bà Nguyễn Lan Hương; Chủ tịch Ủy ban Mặt trận Tổ quốc Việt Nam TP Hà Nội; nói thời điểm bão tan; nước rút cũng chính là lúc người dân Thủ đô phải đối mặt với ô nhiễm môi trường do các loại rác thải tồn đọng; tiềm ẩn nhiều nguy cơ phát sinh dịch bệnh. Để bảo đảm ổn định đời sống nhân dân; thành phố kêu gọi các cơ quan; đơn vị; tổ chức thành viên; hộ gia đình và người dân cùng tham gia dọn dẹp; bảo đảm vệ sinh môi trường; thu dọn cây gãy đổ; khơi thông cống; rãnh; kênh mương; thu gom rác thải; phun khử trùng phòng chống dịch bệnh. Bí thư Thành ủy Hà Nội Bùi Thị Minh Hoài cùng các lực lượng dọn vệ sinh trên phố Trần Hưng Đạo; quận Hoàn Kiếm; sáng 14/9. Ảnh: Võ Hải Ủy ban Mặt trận Tổ quốc Việt Nam TP Hà Nội cũng kêu gọi nhân dân Thủ đô chia sẻ; giúp đỡ về tinh thần; vật chất để những người dân bị ảnh hưởng bão nhanh chóng khôi phục sản xuất và bảo đảm đời sống. Theo bà Nguyễn Lan Hương; đến ngày 13/9; Ban Thường trực Ủy ban Mặt trận Tổ quốc thành phố đã tiếp nhận hơn 56 tỷ đồng ủng hộ; đã hỗ trợ nhân dân Thủ đô gần 16 tỷ đồng cùng nhiều nhu yếu phẩm; chuyển 61;5 tỷ đồng hỗ trợ các tỉnh miền Bắc bị thiệt hại. ""Nhân dân Thủ đô đã có nhiều hoạt động thiết thực để sẻ chia với đồng bào vùng lũ; như cùng gói bánh chưng; nấu cơm; chuyển bánh mì; đồ ăn; hỗ trợ địa điểm ở; nơi trông giữ xe""; bà Hương nói. Nhiều cây xanh bật gốc trên vỉa hè đường Thanh Niên; giáp ranh giữa Hồ Tây và hồ Trúc Bạch đến chiều 13/9 vẫn chưa được di dời. Ảnh: Nguyễn Đông Cùng người dân thu dọn vệ sinh tại quận Ba Đình; Hoàn Kiếm; Bí thư Thành ủy Hà Nội Bùi Thị Minh Hoài đánh giá cao cả hệ thống chính trị từ thành phố xuống cơ sở đã chung sức đồng lòng chăm lo cho người dân; kịp thời di dời 27.000 người đến nơi an toàn; hỗ trợ đồ ăn; nước uống; không để ai bị đói; rét. Đặc biệt; người dân Thủ đô đã chung tay với cấp ủy; chính quyền; phát huy truyền thống đoàn kết; tương thân tương ái; đùm bọc lẫn nhau vượt qua bão lũ. Bí thư Hà Nội cho rằng việc dọn cây đổ; vệ sinh đường phố còn nhiều bộn bề do sau bão là lũ; các lực lượng đều phải căng mình ứng phó. Bà đề nghị các đơn vị tập trung hoàn thành việc thu dọn cây; ưu tiên trồng lại cây gãy đổ do bão có thể trồng lại được. Sở Xây dựng tiếp tục tổ chức cắt tỉa làm gọn; bảo đảm mỹ quan đô thị; an toàn đối với hệ thống cây xanh đô thị. Người đứng đầu Thành ủy Hà Nội đề nghị hệ thống chính trị và nhân dân Thủ đô tiếp tục phát huy tinh thần đoàn kết; tương thân tương ái cùng nhau làm sạch môi trường Thủ đô; phòng chống dịch bệnh; hướng tới kỷ niệm 70 năm Ngày Giải phóng Thủ đô (10/10/1954). Thống kê của TP Hà Nội; bão Yagi và hoàn lưu sau bão đã làm 4 người chết; 23 người bị thương; trên 40.000 cây xanh gãy đổ; nhiều khu vực bị ngập do lũ; hàng nghìn người dân phải di dời. Võ Hải",0,0
"4794726","2024-09-20 00:00:00","Quảng Ninh - Hải Phòng hai tuần sau bão Yagi. . Dù còn nhiều tàu thuyền bị bão Yagi đánh đắm chưa thể trục vớt; hoạt động du lịch tại cảng tàu quốc tế Tuần Châu đã diễn ra sôi động. Theo thống kê của tỉnh Quảng Ninh; 10 ngày sau bão; vịnh Hạ Long đã đón khoảng 30.000 lượt khách; trong đó gần 90% là từ nước ngoài. Dù còn nhiều tàu thuyền bị bão Yagi đánh đắm chưa thể trục vớt; hoạt động du lịch tại cảng tàu quốc tế Tuần Châu đã diễn ra sôi động. Theo thống kê của tỉnh Quảng Ninh; 10 ngày sau bão; vịnh Hạ Long đã đón khoảng 30.000 lượt khách; trong đó gần 90% là từ nước ngoài. Sân bay Vân Đồn tấp nập đón khách chiều 19/9. Bão Yagi đã gây thiệt hại nặng cho sân bay Vân Đồn khi 80% cây xanh khu vực công cộng bị bật gốc; mái kính nhà ga vỡ vụn; biển chỉ dẫn; trần nhà; mái tôn hư hỏng. Tại khu vực nhà ga quốc tế của cảng Vân Đồn; nước mưa tạt vào; tràn xuống các phòng thiết bị. Hàng rào bao quanh Đài kiểm soát bị nghiêng và một đoạn tiếp giáp sân đỗ máy bay bị đổ. Ngay sau khi bão giảm cấp; nhân viên sân bay đã khắc phục để đón khách trở lại. Sân bay Vân Đồn tấp nập đón khách chiều 19/9. Bão Yagi đã gây thiệt hại nặng cho sân bay Vân Đồn khi 80% cây xanh khu vực công cộng bị bật gốc; mái kính nhà ga vỡ vụn; biển chỉ dẫn; trần nhà; mái tôn hư hỏng. Tại khu vực nhà ga quốc tế của cảng Vân Đồn; nước mưa tạt vào; tràn xuống các phòng thiết bị. Hàng rào bao quanh Đài kiểm soát bị nghiêng và một đoạn tiếp giáp sân đỗ máy bay bị đổ. Ngay sau khi bão giảm cấp; nhân viên sân bay đã khắc phục để đón khách trở lại. Lê Tân - Đức Đồng - Tuấn Việt",0,0
"4791929","2024-09-12 10:00:00","Lạng Sơn thiệt hại 560 tỷ đồng do bão Yagi. Tỉnh có ba người chết; 10 người bị thương; hơn 9.600 hộ gia đình sập nhà; tốc mái; ngập nước; hơn 7.400 ha hoa màu bị ảnh hưởng sau bão Yagi.. Đến ngày 11/9; Ủy ban nhân dân Tỉnh Lạng Sơn ước tính sơ bộ tổng thiệt hại do cơn bão số 3 gây ra trên địa bàn tỉnh là hơn 560 tỷ đồng. Địa phương có ba người chết; 10 người bị thương. Thị trấn Thất Khê; huyện Tràng Định; Lạng Sơn trong biển nước ngày 8/9. Ảnh: Châu Nông Hơn 9.600 hộ gia đình bị thiệt hại nhà cửa. Trong đó có 18 nhà bị sập và hư hỏng hoàn toàn; 1.970 hộ bị tốc mái; 398 nhà bị cây đổ vào nhà và do sạt lở đất; 6.614 nhà bị ngập nước; 604 nhà bị hư hỏng công trình phụ (đổ tường; tốc mái; cây đổ...) Ngoài ra; còn 33 công trình khác bị thiệt hại như: trụ sở công an xã; nhà văn hóa thôn; trường học và điểm bưu điện xã... Hơn 7.454 ha nông nghiệp bị ảnh hưởng. Trong đó có 5.167 ha lúa; 1.740 ha màu; 544 ha cây công nghiệp; trên 8.000 cây ăn quả bị gãy đổ hoàn toàn. Hơn 4.500 ha cây bạch đàn; keo; mắc ca; hồi; thông... bị tàn phá. Thiệt hại về giao thông nghiêm trọng. Đối với tuyến Quốc lộ 43 vị trí tại QL1B; QL4A; QL279; QL 3B bị cây đổ xuống đường đã được xử lý thông tuyến; một số điểm ngập lớn ảnh hưởng đến việc lưu thông và do sạt lở đất. Tuyến đường tỉnh có 75 vị trí bị ngập úng; nhiều vị trí bị cây đổ xuống đường đã được xử lý thông tuyến. Một số vị trí sạt lở taluy dương địa phương đã cử nhân lực cảnh báo và triển khai các biện pháp thông tuyến. Tuyến đường huyện có trên 193 vị trí bị sạt lở đất; cây đổ ra đường và một số đoạn do ngập úng; nhiều điểm đã được thông tuyến. Ngoài ra mưa lớn đã gây ngập úng cục bộ và chia cắt với tổng số là 1.383 điểm tại địa bàn các huyện; thành phố. Đoàn viên thanh niên toàn tỉnh Lạng Sơn hỗ trợ người dân khắc phục hậu quả cơn bão số 3. Ảnh: Tỉnh đoàn Do ảnh hưởng của bão số 3; đêm 8/9 và sáng 9/9; nhiều khu vực của tỉnh Lạng Sơn có mưa to đến rất to. Lượng nước trên các sông liên tục dâng cao gây ngập úng nhiều địa bàn như: thành phố Lạng Sơn; huyện Tràng Định; Văn Lãng; Lộc Bình; Cao Lộc... Theo bản tin của Trung tâm Dự báo Khí tượng thủy văn Quốc gia; Đài khí tượng thủy văn tỉnh Lạng Sơn; ngày và đêm 12/9 ở các địa phương trong tỉnh tiếp tục có mưa vừa; có nơi mưa to và dông với lượng mưa phổ biến từ 20-50 mm. Cảnh báo cấp độ rủi ro thiên tai do mưa lớn cấp. Dự báo tác động của mưa lớn và mưa lớn cục bộ có khả năng gây ra tình trạng ngập úng tại các vùng trũng; thấp; lũ quét trên các sông; suối nhỏ; sạt lở đất trên sườn dốc. Mộc Trà",0,0
"4791652","2024-09-11 13:00:00","Vỡ lá lách trong lúc dọn dẹp sau bão Yagi. Quảng NinhĐang dọn dẹp sau bão Yagi; người đàn ông 56 tuổi bị thanh xà ngang va vào bụng gây vỡ lá lách; sốc mất máu; nguy hiểm tính mạng.. Ngày 11/9; đại diện Trung tâm Y tế thị xã Quảng Yên cho biết bệnh nhân nhập viện trong tình trạng đau chướng bụng; đặc biệt dữ dội vùng ngực. Kết quả chụp chiếu chẩn đoán vỡ lá lách - bộ phận nội tạng cơ thể nằm gần dạ dày; trên tuyến tụy và thận. Các bác sĩ phẫu thuật cấp cứu xử trí tổn thương. Quá trình mở ổ bụng thấy máu ngập khoang bụng; khoảng 1.000 ml; nhiều máu cục. Êkíp lấy máu; kẹp cuống lách cầm máu; cắt lách chấn thương; dẫn lưu; lau rửa sạch. Bệnh nhân được truyền hai khối hồng cầu; tương đương 700 ml. May mắn hậu phẫu; bệnh nhân tỉnh táo; chỉ số sinh tồn ổn định. Bác sĩ Hoàng Dũng; Trường Khoa Ngoại; cho biết phẫu thuật chấn thương vỡ tạng trong ổ bụng là một trong những cấp cứu ngoại khoa khẩn cấp; không thể trì hoãn hay chuyển tuyến trên để tránh nguy cơ tử vong do xuất huyết trầm trọng. Bệnh nhân điều trị tại viện. Ảnh: Bệnh viện cung cấp Sau cơn bão Yagi; Quảng Ninh chịu rất nhiều ảnh hưởng; bác sĩ khuyến cáo người dân cẩn trọng trong các hoạt động thường ngày. Không may bị va chạm hoặc gặp tai nạn; phải theo dõi các vết thương; nếu có dấu hiệu như đau bụng; khó chịu bất thường; lập tức đến các cơ sở y tế thăm khám kịp thời. Thúy Quỳnh",0,0
"4792900","2024-09-16 09:00:00","UNICEF hỗ trợ ứng phó khẩn cấp sau bão Yagi. Bà Silvia Danailov; Trưởng Đại diện UNICEF tại Việt Nam; chia sẻ kế hoạch hỗ trợ sau bão Yagi; đánh giá cao nỗ lực của Việt Nam trong phòng ngừa; dự báo thiên tai.. Trưởng Đại diện UNICEF tại Việt Nam; bà Silvia Danailov; đã chia buồn và đồng cảm với người dân Việt Nam trước những thiệt hại; mất mát do bão Yagi gây ra. Bà nhấn mạnh tình hình vẫn tiếp tục xấu đi sau bão. Mới đây; bà Silvia đã có những chia sẻ về công tác hỗ trợ sau bão của UNICEF; đồng thời đánh giá cao tinh thần tương thân tương ái; hỗ trợ lẫn nhau và ứng phó kịp thời của Việt Nam. - Bà đánh giá thế nào về nỗ lực phòng ngừa; dự báo thiên tai và các chiến lược giúp giảm thiểu thiệt hại của Việt Nam vừa qua? - Trước khi bão đổ bộ; Chính phủ Việt Nam đã chủ động phối hợp đảm bảo an toàn cho người dân và cơ sở hạ tầng thiết yếu. Họ cũng nhanh chóng áp dụng quy trình sơ tán kịp thời; huy động lực lượng ứng phó; bảo vệ các khu vực quan trọng như đê điều... Điều này thể hiện cam kết của chính phủ trong việc phòng ngừa; dự báo thiên tai; bảo vệ sinh mạng; sinh kế. UNICEF đã hỗ trợ những nỗ lực này bằng cách giúp các cơ quan chức năng truyền đạt thông điệp quan trọng đến cộng đồng; nhất là đối tượng trẻ em và phụ nữ. Đại diện UNICEF Silvia Danailov (giữa) và Phó đại diện Chương trình Michaela Bauer (trái) trao đổi về vật tư phục vụ công tác cứu trợ sau bão. Ảnh: UNICEF - UNICEF triển khai kế hoạch hỗ trợ thiệt hại sau bão ra sao? - Chúng tôi làm việc chặt chẽ với đối tác chính phủ; các cơ quan Liên Hợp Quốc để cứu trợ ngay sau bão; xây dựng khả năng phục hồi lâu dài. Với sự hỗ trợ của các bên; UNICEF đã kịp cung cấp hàng hóa cứu trợ cho các cộng đồng bị ảnh hưởng. Trong tuần này; chúng tôi đã cung cấp vật tư ngành nước cho Bệnh viện Đa khoa Lào Cai và Trung tâm Kiểm soát Bệnh tật Thái Nguyên. Trong những ngày tới; chúng tôi sẽ cung cấp thêm viên lọc nước; bể chứa; bộ lọc gốm và dung dịch rửa tay khô cho các hộ gia đình; trường học và cơ sở y tế tại Yên Bái; Lào Cai. Chúng tôi cũng tham gia đánh giá nhu cầu cùng cơ quan Nhà nước; ưu tiên những giải pháp cứu sống; khôi phục dịch vụ cơ bản cho nhóm dễ bị tổn thương; đặc biệt là trẻ em. Các can thiệp khẩn cấp của UNICEF tập trung đảm bảo quyền tiếp cận nước sạch; vệ sinh; sức khỏe; dinh dưỡng; giáo dục; bảo vệ trẻ em; cung cấp hỗ trợ tiền mặt cho các gia đình dễ bị tổn thương. Đơn vị cam kết hỗ trợ nỗ lực của Chính phủ Việt Nam nhằm giảm thiểu tác động của thảm họa. Các ứng phó của chúng tôi gồm cung cấp giải pháp xử lý nước; vật tư vệ sinh; lưu trữ nước an toàn cho các hộ gia đình; cơ sở y tế và trường học; vận chuyển vật tư y tế khẩn cấp; bao gồm vaccine; sản phẩm điều trị suy dinh dưỡng; viên bổ sung dinh dưỡng và bộ vật dụng vệ sinh cá nhân cho các trung tâm y tế ở những khu vực bị ảnh hưởng nặng nề. UNICEF còn hỗ trợ trường học thiết lập khu vực dạy học tạm thời đi kèm văn phòng phẩm. Đơn vị cũng hỗ trợ tâm lý cho trẻ em bị ảnh hưởng bởi thảm họa. Chúng tôi cung cấp bộ vật phẩm thiết yếu gồm tài liệu hỗ trợ tâm lý; dụng cụ giáo dục; vật tư vệ sinh; sản phẩm chăm sóc sức khỏe cơ bản cho trẻ em và gia đình ở những khu vực bị ảnh hưởng nặng nề. Với gia đình dễ bị tổn thương; chúng tôi hỗ trợ tài chính bằng tiền mặt; đặc biệt là những gia đình có trẻ em; phụ nữ mang thai. Đại diện UNICEF Silvia Danailov nhận viên lọc nước do UNICEF cung cấp hỗ trợ ảnh hưởng sau bão. Ảnh: UNICEF - Theo bà; Việt Nam nên ưu tiên những biện pháp nào để giảm thiểu hậu quả của bão Yagi và những chiến lược lâu dài nào nên được xem xét để phục hồi sau thiên tai? - Để hỗ trợ nỗ lực của Chính phủ; ưu tiên của chúng tôi lúc này là cứu sống và hoàn thành đánh giá toàn diện về tình hình sau bão. Điều này giúp hiểu rõ hơn nhu cầu của các nhóm dân cư dễ bị tổn thương; bao gồm trẻ em; xác định các can thiệp cứu sống kịp thời; hỗ trợ khôi phục các dịch vụ xã hội thiết yếu. Theo báo cáo của Chính phủ; tính đến hôm nay; hơn 20 trẻ em đã thiệt mạng. Chúng tôi lo ngại con số này có thể tăng lên. Ước tính có khoảng 5;5 triệu trẻ em; trong đó có 1;2 triệu trẻ dưới năm tuổi; sống ở các tỉnh bị ảnh hưởng nặng nề nhất. Hàng triệu trẻ em khác cũng bị ảnh hưởng bởi lũ lụt; sạt lở đất nghiêm trọng; có thể dẫn đến các bệnh truyền nhiễm qua nguồn nước. Để đảm bảo các em được tiếp cận nước sạch và vệ sinh cá nhân; UNICEF chuẩn bị cung cấp các vật phẩm xử lý nước và dụng cụ lưu trữ nước an toàn cho ít nhất 400.000 hộ gia đình. Ước tính 2 triệu trẻ em bị gián đoạn việc học do trường học đóng cửa. Việc mở cửa lại trường học cũng là ưu tiên UNICEF sẵn sàng hỗ trợ. Chúng tôi cũng làm việc để đảm bảo việc tiếp cận liên tục với chăm sóc sức khỏe; dinh dưỡng và tiêm chủng cho trẻ em. Đây là việc rất quan trọng để tránh các bệnh nghiêm trọng trong tương lai; cần được thực hiện kịp thời để phòng ngừa hệ quả dài hạn. Nơi ở; sinh hoạt của nhiều trẻ em và cộng đồng bị tàn phá bởi siêu bão Yagi và lũ lụt ở Thái Nguyên. Ảnh: UNICEF - Theo bà; những kinh nghiệm; bài học nào từ quốc tế có thể giúp Việt Nam nâng cao khả năng phòng ngừa; dự đoán thiên tai; hỗ trợ phục hồi và chuẩn bị cho các thảm họa tương lai? - Tôi đánh giá cao các biện pháp khẩn cấp của Chính phủ nhằm cứu sống; đảm bảo an toàn cho người dân; đặc biệt là trẻ em. Khả năng dự báo; quản lý thảm họa của Việt Nam cũng rất tốt. Họ đã huy động ứng phó ở cấp cao nhất; bao gồm kêu gọi hỗ trợ từ các cơ quan Liên Hợp Quốc như UNICEF. Việt Nam đã học hỏi từ những kinh nghiệm quốc tế; và ngược lại; họ cũng cung cấp các bài học quý giá cho cộng đồng quốc tế. Cách tiếp cận toàn diện và chủ động của Việt Nam trong phản ứng với thảm họa rất đáng được ghi nhận. Kinh nghiệm quốc tế trong các tình huống khẩn cấp liên quan đến khí hậu nhấn mạnh tầm quan trọng của việc đầu tư vào các kế hoạch phòng ngừa; ứng phó tập trung vào trẻ em; đồng thời nâng cao năng lực các bên liên quan. Việc triển khai các phương pháp tập trung trao quyền cho cộng đồng; sáng kiến nhạy cảm về giới; dịch vụ dễ tiếp cận và bền vững... là rất quan trọng. Là một cơ quan của Liên Hợp Quốc; UNICEF có thể cung cấp chuyên môn của mình trong việc giảm thiểu rủi ro thiên tai; thích ứng với biến đổi khí hậu trong nhiều lĩnh vực cho Chính phủ Việt Nam như chúng tôi đã và đang thực hiện. (Nguồn: UNICEF Việt Nam)",0,0
"4790921","2024-09-09 19:56:00","Lãnh đạo Lào thăm hỏi Việt Nam về bão Yagi. Lãnh đạo Lào gửi điện thăm hỏi Tổng Bí thư; Chủ tịch nước Tô Lâm và Thủ tướng Phạm Minh Chính; sau khi bão Yagi gây thiệt hại nghiêm trọng.. Tổng Bí thư; Chủ tịch nước Lào Thongloun Sisoulith và Thủ tướng Lào Sonexay Siphandone ngày 9/9 đồng gửi điện thăm hỏi tới Tổng Bí thư; Chủ tịch nước Tô Lâm và Thủ tướng Phạm Minh Chính; theo thông cáo Bộ Ngoại giao. Các lãnh đạo cấp cao Lào ""gửi lời thăm hỏi chân thành và lời chia buồn sâu sắc"" đến các lãnh đạo cấp cao Việt Nam; cũng như tới Đảng; chính phủ và nhân dân Việt Nam; nhất là chính quyền và gia đình các nạn nhân bị ảnh hưởng trong đợt thiên tai này. Khu du lịch Bãi Cháy; Quảng Ninh; tan hoang sau bão; ngày 9/9. Ảnh: Lê Tân Các lãnh đạo Lào bày tỏ tin tưởng người dân Việt Nam sẽ vượt qua mọi khó khăn; cuộc sống của người dân và những vùng bị ảnh hưởng bởi thiên tai sẽ sớm ổn định và trở lại bình thường. Sau khi đi qua Trung Quốc; Yagi đã đổ bộ vào Việt Nam vào chiều 7/9; quét qua nhiều tỉnh thành như Quảng Ninh; Hải Phòng; Thái Bình; Hải Dương; Hà Nội... Do ảnh hưởng của hoàn lưu áp thấp nhiệt đới suy yếu từ bão; nhiều tỉnh miền Bắc Việt Nam tiếp tục có mưa to; lũ dâng cao. Tính đến chiều 9/9; 64 người đã thiệt mạng vì bão Yagi; trong đó 49 nạn nhân tử vong do sạt lở đất; lũ quét. Ngọc Ánh",0,0
"4793187","2024-09-16 04:00:00","N/A. Rời Việt Nam khi đã suy yếu thành áp thấp nhiệt đới; tàn dư bão Yagi vẫn gây mưa lớn; khiến ba nước Lào; Myanmar; Thái Lan đối diện lũ lụt lịch sử; hàng trăm người thiệt mạng.. Liên hệ: 084 666 0123 hoặc podcast@vnexpress.net.",0,0
"4902378","2024-09-16 04:00:00","N/A. . ",0,0
"4793178","2024-09-15 23:55:00","17 trường học không thể khôi phục sau bão Yagi. 17 trường học không thể khôi phục; 99 trường chưa thể đón học sinh trở lại sau bão Yagi; theo Bộ trưởng Nguyễn Kim Sơn.. Tại hội nghị khắc phục hậu quả bão Yagi do Thủ tướng chủ trì ngày 15/9; Bộ trưởng Giáo dục và Đào tạo nhận định thiệt hại của ngành Giáo dục là rất lớn. 17 trường học không thể khôi phục đều thuộc tỉnh Lào Cai và Yên Bái. Ông Sơn đề nghị ngân sách Trung ương hỗ trợ để trước mắt dựng trường tạm; sau đó có nguồn kinh phí xây dựng lại. 17 trường không thể khôi phục Ngoài ra; 99 trường học chưa thể hoạt động vào ngày 16/9. Còn lại; những trường phải đóng cửa trong tuần trước do ảnh hưởng của bão cơ bản có thể hoạt động trở lại vào ngày mai hoặc 23/9. Trường Tiểu học; THCS Minh Chuẩn; Lục Yên; Yên Bái; hôm 10/9. Ảnh: Fanpage nhà trường Bão Yagi và hoàn lưu của bão gây thiệt hại nặng nề về người và tài sản cho các tỉnh; thành phía bắc. Đến nay; hơn 350 người chết và mất tích; 230.000 nhà ở; nhiều trụ sở; trường học bị tốc mái; hư hỏng. Tình trạng sạt lở; ngập lụt; chia cắt giao thông cục bộ xảy ra ở hầu hết địa phương. Thủ tướng Phạm Minh Chính chỉ rõ 6 nhóm nhiệm vụ; giải pháp để khắc phục hậu quả bão Yagi trong thời gian tới. Trong đó; ông yêu cầu rà soát; thống kê; sửa chữa trường lớp; thiết bị để trong tháng 9; tất cả học sinh được trở lại trường. Thủ tướng cũng đề nghị các cơ quan chức năng nghiên cứu miễn; giảm học phí cho học sinh; sinh viên bị ảnh hưởng. Trong hai ngày 14-15/9; Bộ Giáo dục và Đào tạo cử nhiều đoàn đến các địa phương bị ảnh hưởng nặng nề do bão như Lào Cai; Yên Bái; Cao Bằng; Thái Nguyên; Tuyên Quang; Lạng Sơn. Thứ trưởng Nguyễn Thị Kim Chi hôm 14/9 tại Yên Bái cho biết Bộ sẽ căn cứ tình hình thực tế của các địa phương để hướng dẫn; hỗ trợ; nhằm đảm bảo kế hoạch năm học; chương trình và chất lượng giáo dục. Dương Tâm",0,0
"4790373","2024-09-08 11:49:00","145 chuyến bay bị hủy; chuyển hướng do bão Yagi. 4 sân bay phải dừng khai thác trong ngày 7/9 đã làm ảnh hưởng 145 chuyến bay; trong đó các hãng phải hủy 65 chuyến; theo Cục Hàng không Việt Nam.. Các chuyến bay bị hủy gồm 39 chuyến nội địa; 26 chuyến quốc tế. Ngoài ra; 80 chuyến bay khác không thể hạ cánh xuống 4 sân bay Cát Bi (Hải Phòng); Vân Đồn (Quảng Ninh); Nội Bài (Hà Nội) và Thọ Xuân (Thanh Hóa). Máy bay phải bay vòng; chuyển hướng hạ cánh ở sân bay Đà Nẵng; TP HCM hoặc các nước lân cận. Theo đại diện Cảng Hàng không Nội Bài; riêng sân bay Nội Bài đã có 32 chuyến bay bị chậm giờ; 29 chuyến phải hủy do ảnh hưởng của bão Yagi trong ngày 7/9. Với các chuyến bay phải hủy; các hãng đã xin cấp phép để bay bù trong hôm nay. Sau cơn bão; một số hàng rào thi công khu vực sân đỗ ôtô; tấm trần kỹ thuật cổng an ninh; hàng rào bên trong khu bay Nội Bài bị đổ; sập. Cảng đã rà soát và khắc phục ngay sau khi bão tan để bảo đảm an toàn khai thác. Lúc 23h49 ngày 7/9; sân bay Nội Bài đã khai thác tàu bay trở lại sau 14 giờ ngừng hoạt động do bão Yagi. Chuyến bay đầu tiên VJ959 từ Fukuoka (Nhật Bản) đã hạ cánh an toàn lúc 0h05 ngày 8/9. Sân bay sẽ phục vụ 514 chuyến bay; trong đó có 227 chuyến đi/đến quốc nội; 287 chuyến quốc tế trong ngày 8/9. Chằng néo máy bay chống bão tại Nội Bài. Ảnh: Giang Huy Cảng Hàng không quốc tế Vân Đồn (Quảng Ninh) cũng có nhiều chuyến bay của Vietnam Airlines; Vietjet Air phải hủy hôm qua. Đến 20h cùng ngày; sân bay đã mở cửa trở lại. Sáng nay có hai chuyến bay VJ230; VJ231 của hãng Vietjet Air hạ cánh và cất cánh tại Vân Đồn. Bão Yagi đã gây ra thiệt hại nặng nề cho sân bay Vân Đồn khi 80% cây xanh trong khu vực công cộng bị bật gốc; mái kính nhà ga vỡ vụn; biển chỉ dẫn; trần nhà; mái tôn hư hỏng. Tại khu vực nhà ga quốc tế của cảng Vân Đồn; nước mưa tạt vào; tràn xuống các phòng thiết bị. Hàng rào bao quanh Đài kiểm soát bị nghiêng và một đoạn tiếp giáp sân đỗ máy bay bị đổ. Ngay sau khi bão giảm cấp; nhân viên sân bay đã khắc phục sự cố trong đêm để đón khách trở lại. Tại sân bay Cát Bi; cây tại khu vực nhà ga cũ bị đổ; một số tấm trần của nhà ga hàng hóa (nhà ga cũ) và phần bên nhà ga quốc tế bị bung; cửa kính của sảnh đến quốc tế bị vỡ; mạng viễn thông bị gián đoạn liên tục. Tại các sân bay Điện Biên; Thọ Xuân; Vinh; Đồng Hới; trang thiết bị hàng không hoạt động bình thường; các chuyến bay thực hiện đúng theo kế hoạch. Trước đó; Cục Hàng không Việt Nam đóng cửa 4 sân bay gồm Nội Bài; Vân Đồn; Cát Bi; Thọ Xuân trong khoảng 14 giờ ngày 7/9; do ảnh hưởng của bão Yagi.Lead Đoàn Loan",0,0
"4792211","2024-09-14 06:00:00","Đứng dậy từ tay trắng sau bão Yagi. Quảng NinhBa ngày sau Yagi; ông Dương đeo nắm cơm và ít lương khô chạy thuyền ra Hòn Cò nhặt nhạnh tàn tích của 270 lồng bè.. ""40 năm gây dựng; giờ mất trắng ở tuổi này""; ông Phạm Văn Dương; 64 tuổi; giơ hai bàn tay chằng chịt vết rách; nói. Với 30 lồng cá sót lại; gia đình ông gom những con còn khỏe; dồn vào một ô để chăm sóc. Những con 5-7 kg chết trắng mặt nước Vân Đồn. Suốt ba ngày nay ông Dương và những người làm công vớt bỏ đi không xuể. Số khác ngắc ngoải ông chưa biết làm thế nào. Bỏ thì xót xa; giữ lại chắc chúng không sống được; mang ra chợ bán không ai mua. ""Bão phá đau một lần; hậu bão đau tiếp lần nữa""; ông nói. Gia đình ông Phạm Văn Dương; ở Vân Đồn đang vớt những con cá chết bỏ đi và gom lại cá sống; hôm 10/9. Ảnh: Phan Dương Hòn Cò nằm giữa hai khe núi; là một trong những nơi địa điểm nuôi thủy sản trọng điểm của Vân Đồn. Nơi này tập trung hơn 30 hộ nuôi cá lồng và dây hàu. Qua bão Yagi; cả khu gần như bị xóa sổ. Các lồng bè bị đánh tan tác; chưa rõ chìm xuống biển hay trôi dạt phương nào. Số ít còn trên mặt nước cũng gãy vỡ; rách lưới; cá chết trắng. Gia đình ông Dương nuôi 300 dây hàu; bị bão đánh mất tích. Hơn 270 lồng cá song; nhiều lồng đã nuôi 3-5 năm chuẩn bị thu hoạch; mất 90%. Một con tàu đúc bằng xi măng rộng 6 mét; dài 32 mét; kiên cố là thế cũng bị bão cuốn đâu không rõ. Tổng thiệt hại khoảng 35 tỷ đồng. ""Nhặt nhạnh những mảnh vụn; gắng dựng lại từ đầu vậy. Đâu thể bỏ được nghề""; ông thở dài; nói. Ông Hựng; 57 tuổi nhặt nhạnh những gì còn sử dụng được chiều 10/9; sau khi cơn bão Yagi cuốn phăng toàn bộ tài sản. Ảnh: Vũ Văn Hướng Hôm 7/9 bão Yagi đổ bộ; ông Vũ Văn Hựng; 57 tuổi; bất chấp nguy hiểm ở lại canh tài sản. Nhưng cơn bão mạnh ""40 năm chưa từng thấy"" khiến ông giờ này không còn chốn dung thân. Trong cơn cuồng nộ của biển cả; có lúc ông tưởng đã ""làm mồi cho cá"". Từng đợt sóng cao 5-7 mét dập lên; dập xuống phá tan những thuyền bè kiên cố nhất. Ông Hựng bám được vào mấy dây phao; cứ thế trôi trên mặt biển tối đen; sóng chỉ chực chờ nuốt chửng. Rồi ông chui được vào nhà bếp của bè hàng xóm. Trôi cùng ""nhà bếp"" chừng 6 hải lý; ngư dân này mắc vào một eo gió ở Cửa Ông; Cẩm Phả. May mắn trong bếp có gas và lương thực nên ông trụ được đến khi chính quyền Vân Đồn đi ca nô ra giải cứu; 20 tiếng sau đó. Quê ở huyện Quảng Yên nhưng vợ chồng ông Hựng mưu sinh ở Vân Đồn mấy chục năm nay. Ban đầu ông đi đánh bắt; sau mới tích cóp; vay mượn được để nuôi cá lồng bè. Vợ chồng ông còn chưa vực dậy được sau hai năm Covid-19; giờ lại tới bão Yagi. Toàn bộ số lồng cá trị giá khoảng 4 tỷ đồng của họ; tính cuối năm sẽ bán; giờ tan biến vào hư vô. ""Hy vọng trả nợ và có khoản tích cóp để về quê giờ chẳng còn gì""; ông nói. Bức ảnh anh Bao chụp lại một ngày sau bão khi tìm thấy chú chó nằm trước nhà tắm; cách chỗ cũ khoảng 6 hải lý. Ảnh: Nhân vật cung cấp Trước hôm bão về; ngư dân Phạm Văn Bao; 47 tuổi; mơ thấy một con cá rất to chết trắng trên mặt nước. Hôm sau; bão cuốn phăng tất cả tài sản vợ chồng anh gây dựng gần hai chục năm nay; gồm một nhà bè; nhà bếp; nhà kho và 30 lồng cá. Thiệt hại khoảng 3 tỷ đồng; nhưng anh Bao được đánh giá là người mất ít nhất ở Vân Đồn. Khi bão qua; anh nhận tin cái bếp và nhà tắm của mình trôi xuống Cửa Ông. Thuê thuyền ra đến nơi; anh gặp chú chó của mình đang nằm ủ rũ trước căn bếp đổ nát. ""Nhìn thấy con chó mừng rơi nước mắt""; anh rơm rớm. Thống kê sơ bộ cho thấy hầu hết diện tích đang nuôi trồng thủy sản của người dân Vân Đồn bị bão số 3 xóa sổ; 318 nhà bè; gần 90 tàu thuyền các loại bị đắm; vỡ; ước tính thiệt hại trên 2.200 tỷ đồng. Từ nay đến cuối năm là thời điểm thu hoạch hàu và cá của ngư dân; nhưng cơn bão quét sạch thành quả lao động bao năm; đẩy nhiều gia đình vào cảnh trắng tay; nợ nần. Một ngày sau bão; vợ con ông Hựng khóc tức tưởi nhìn thấy chồng; cha vẫn còn giữ được tính mạng. Ông Hựng gạt đi ""sống chết có số""; rồi ngụp vào giữa đống đổ nát. Trên những bè phao; ông vớt lên những thanh gỗ; tấm lưới rách; đôi khi là những con cá to tướng đã chết bốc mùi. ""Giờ giống như 'rách áo cố nhặt lại cái cúc'. Còn gì dùng được cũng phải thu gom để bắt đầu lại""; ông nói. Phan Dương",0,0
"4790213","2024-09-07 16:11:00","Chính quyền; người dân giúp nhau trong bão Yagi. Thấy người dân đi xe máy qua cầu gặp gió bão; xe ôtô của lực lượng chức năng và cá nhân đã chủ động đi chậm; tạo thành lá chắn; đưa mọi người qua khu vực nguy hiểm.. 9h sáng 7/9; do ảnh hưởng của bão Yagi; Hải Phòng có mưa to kèm gió giật mạnh liên hồi khiến người đi xe máy qua khu vực cầu Khuể (nối huyện Tiên Lãng và An Lão) gặp khó khăn. Anh Văn Đức; tài xế chở hàng từ thị trấn Tiên Lãng về quận Ngô Quyền kể trong lúc đi qua cầu đã gặp lực lượng chức năng của huyện dùng xe cứu hỏa chắn gió; ""dìu"" xe máy qua cầu. Ông Mai Đức Lượng; chủ tịch UBND thị trấn Tiên Lãng; cho biết từ sáng 7/9 huyện đã điều động các phương tiện chuyên dùng hỗ trợ xe máy qua cầu Khuể và trên đường giao thông; giúp bà con thuận lợi di chuyển. ""Nhưng đây là lúc bão chưa đổ bộ; thời tiết vẫn trong tầm kiểm soát; còn từ trưa nay chúng tôi đã cấm toàn bộ các phương tiện lưu thông qua các cầu để đảm bảo an toàn cho người dân""; ông Lượng nói. Hình ảnh xe chuyên dụng của lực lượng chức năng hỗ trợ người dân di chuyển qua cầu Khuể; sáng 7/9. Ảnh: UBND huyện Tiên Lãng Tại tỉnh Quảng Ninh; hơn 10h sáng trên đường Hoàng Quốc Việt; phường Hùng Thắng; thành phố Hạ Long; tổ công tác số 3; công an thành phố Hạ Long trong quá trình tuần tra đã phát hiện cô gái 21 tuổi trú tại phường Mạo Khê; thị xã Đông Triều bị cây đổ đè vào người trong lúc điều khiển xe máy. Nạn nhân được tổ công tác kịp thời ứng cứu và đưa về nhà an toàn. Đoạn video ghi cảnh nạn nhân được lực lượng chức năng ứng cứu được chia sẻ lên mạng xã hội nhận nhiều sự yêu thích và bình luận bày tỏ hành động quả cảm; kịp thời của của lực lượng chức năng. ""Mong người dân hạn chế ra ngoài. Thương các đồng chí; vì bảo vệ sự an toàn cho mọi người dân; các anh phải lên đường lao vào những nơi nguy hiểm nhất. Cầu chúc cho mọi người được bình an""; người dùng Ngọc Hà để lại bình luận. Đoạn video ghi lại hình ảnh tổ công tác số 3; Công an thành phố Hạ Long hỗ trợ giải cứu người người dân bị cây đổ; sáng 7/9. Nguồn: Bộ Công an Tại Hà Nội; nhiều hình ảnh; video quay cảnh đoàn ôtô đồng loạt di chuyển chậm; nối đuôi nhau để che chắn gió lớn cho người đi xe máy khi di chuyển qua cầu Nhật Tân được an toàn. Chị Dương Nhường; 29 tuổi; ở Từ Sơn; Bắc Ninh; kể khoảng 12h di chuyển từ hướng đường Võ Chí Công; qua cầu Nhật Tân để về nhà. Lên cầu được vài mét thấy gió thổi nghiêng xe; nhiều người đi xe máy phía trước đã xuống dắt bộ; chị cũng làm theo. Thời điểm này trên cầu có khoảng 15 xe máy cũng đang dắt bộ. Di chuyển được 1/4 cầu; Nhường bất ngờ thấy xe ôtô của công ty môi trường di chuyển chậm lại; bắt nhịp với đoàn xe máy. Nhìn qua gương; chị cũng thấy phía sau có khoảng 4-5 ôtô tải; xe chở khách cũng nhập đoàn; tạo thành lá chắn dìu xe máy đi qua cầu. ""Đoàn xe đi qua cầu khiến tôi vô cùng xúc động. Nếu không có lòng tốt của những người lạ; không biết bao giờ mới có thể về đến nhà""; Nhường nói. Sau hơn chục phút được hộ tống qua cầu; Nhường và mọi người liên tục gật đầu để bày tỏ sự cảm ơn. Các tài xế ôtô cũng đáp lại bằng cách vẫy tay hoặc nhấn còi. Hình ảnh đoàn xe ôtô ""dìu"" đoàn xe máy di chuyển qua cầu Nhật Tân; Hà Nội; trưa 7/9. Nguồn: Phạm Sơn Anh Vũ Hải; một trong số các tài xế hỗ trợ đoàn xe máy qua cầu Nhật Tân; kể khoảng 12h35 bắt gặp có thấy một đoàn xe máy; chia thành ba tốp chật vật qua cầu nên cùng các tài xế chủ động chia nhau 4-5 ôtô hợp thành một nhóm để che chắn cho xe máy. Xe của anh Hải cùng 5 chiếc khác hỗ trợ nhóm xe máy ở giữa. Đoàn sau có một xe tải của công ty môi trường và phía trước cũng có vài ôtô hỗ trợ. Do đi chậm nên khoảng 15-20 phút mới di chuyển được qua cầu. ""Thấy mọi người đi lại khó khăn; qua cầu gió lớn nguy hiểm nên tôi giúp đỡ. Ai trong hoàn cảnh đó cũng sẽ làm như vậy thôi""; anh Hải cho biết. Quỳnh Nguyễn",0,0
"4790157","2024-09-07 13:26:00","Thuyền vỡ chìm; cây đổ ngổn ngang do bão Yagi. . 7h ngày 7/9; huyện đảo Cô Tô; tỉnh Quảng Ninh mưa và gió làm ngập; bay các tấm tôn; lều bạt ra đường. Ảnh: Thu Báu Cô Tô là huyện đảo ở phía đông tỉnh Quảng Ninh; cách đất liền khoảng 80 km có gió mạnh cấp 12; giật cấp 14; mưa mù mịt; gió thổi nghiêng hàng cây dừa trước cửa đồn biên phòng. 7h ngày 7/9; huyện đảo Cô Tô; tỉnh Quảng Ninh mưa và gió làm ngập; bay các tấm tôn; lều bạt ra đường. Ảnh: Thu Báu Cô Tô là huyện đảo ở phía đông tỉnh Quảng Ninh; cách đất liền khoảng 80 km có gió mạnh cấp 12; giật cấp 14; mưa mù mịt; gió thổi nghiêng hàng cây dừa trước cửa đồn biên phòng. Tại cảng cá Cái Rồng; huyện Vân Đồn; tỉnh Quảng Ninh gió mạnh kèm theo mưa thổi trôi nhiều chiếc thuyền; nhà bè của người dân. Ảnh: Giang Huy Tại cảng cá Cái Rồng; huyện Vân Đồn; tỉnh Quảng Ninh gió mạnh kèm theo mưa thổi trôi nhiều chiếc thuyền; nhà bè của người dân. Ảnh: Giang Huy Một người dân trôi theo thuyền bị đứt neo trên cảng Cái Rồng. Ảnh: Giang Huy Một người dân trôi theo thuyền bị đứt neo trên cảng Cái Rồng. Ảnh: Giang Huy Người đàn ông cố bám trụ trên thuyền của mình ở cảng Cái Rồng. Trước đó; lực lượng chức năng đã cấm tất cả người dân không được ở lại nhà lồng; bè; thuyền. Ảnh: Giang Huy Người đàn ông cố bám trụ trên thuyền của mình ở cảng Cái Rồng. Trước đó; lực lượng chức năng đã cấm tất cả người dân không được ở lại nhà lồng; bè; thuyền. Ảnh: Giang Huy Ngư dân Quảng Ninh cố bơi vào tàu sau khi bị rơi xuống biển. Video: Giang Huy Trên tuyến đường chính dẫn ra cảng Cái Rồng nhiều cây sấu bật gốc chắn ngang đường. Lực lượng chức năng nhanh chóng có mặt; kéo cây vào sát ven đường tránh ảnh hưởng giao thông. Ảnh: Phạm Dự Trên tuyến đường chính dẫn ra cảng Cái Rồng nhiều cây sấu bật gốc chắn ngang đường. Lực lượng chức năng nhanh chóng có mặt; kéo cây vào sát ven đường tránh ảnh hưởng giao thông. Ảnh: Phạm Dự Các cây gãy đổ hoặc nguy cơ gãy đổ được chặt bỏ; thu dọn trong bão. Ảnh: Phạm Dự Các cây gãy đổ hoặc nguy cơ gãy đổ được chặt bỏ; thu dọn trong bão. Ảnh: Phạm Dự Cây trên đường Nguyễn Đức Cảnh; quận Lê Chân ở trung tâm thành phố Hải Phòng tan hoang vì gió quật. Ảnh: Lê Tân Cây trên đường Nguyễn Đức Cảnh; quận Lê Chân ở trung tâm thành phố Hải Phòng tan hoang vì gió quật. Ảnh: Lê Tân Ôtô được băng bó bằng tấm xốp; băng dính ở huyện Vân Đồn. Ảnh: Phạm Dự Ôtô được băng bó bằng tấm xốp; băng dính ở huyện Vân Đồn. Ảnh: Phạm Dự Gió giật đổ cây; sập mái che lán xe; mắc dây điện trên phố Trần Tử Bình; Hà Nội. Ảnh: Duy Anh Gió giật đổ cây; sập mái che lán xe; mắc dây điện trên phố Trần Tử Bình; Hà Nội. Ảnh: Duy Anh Nhóm phóng viên",0,0
"4789988","2024-09-06 23:25:00","30 đại học cho sinh viên nghỉ tránh bão Yagi. Đại học Ngoại thương và hơn 20 trường cho sinh viên nghỉ học để tránh bão Yagi; trong khi một số chuyển sang học online.. Hầu hết trường cho nghỉ 1-2 ngày; từ 7 đến 8/9; riêng Đại học Thái Bình kéo dài thời gian nghỉ đến 10/9. Sinh viên sẽ được học bù sau. Bảy trường chuyển sang học online; gồm Đại học Kiến trúc Hà Nội; Giao thông vận tải; Học viện Ngân hàng; Chính sách và Phát triển; Khoa học Xã hội và Nhân văn; Kinh tế; Giáo dục (thuộc Đại học Quốc gia Hà Nội). Ngoài ra; nhiều trường phải thay đổi kế hoạch nhập học cho tân sinh viên như Học viện Công nghệ Bưu chính Viễn thông; Báo chí và Tuyên truyền; Đại học Kiến trúc Hà Nội; Giao thông vận tải; Hải Dương; Điều dưỡng Nam Định. Trường Đại học Thương mại; trường Quản trị và Kinh doanh (Đại học Quốc gia Hà Nội); Đại học Hải Phòng; Hạ Long (Quảng Ninh) hoãn sinh hoạt công dân đầu khóa. Một số đổi lịch thi tiếng Anh đầu vào hay khám sức khỏe cho tân sinh viên như Đại học Kinh tế Quốc dân; Thăng Long; Khoa học và Công nghệ Hà Nội. Các trường cho hay việc này nhằm đảm bảo an toàn cho sinh viên; giảng viên. Tân sinh viên PTIT nhập học ngày 6/9; sớm một ngày so với kế hoạch. Ảnh: PTIT Yagi là cơn bão số 3 đổ bộ vào Việt Nam năm nay. Trung tâm Dự báo Khí tượng Thủy văn quốc gia cho biết lúc lúc 22h bão ở ven biển phía bắc đảo Hải Nam (Trung Quốc); cách Quảng Ninh 360 km; sức gió mạnh nhất 183 km/h; cấp 14; giật cấp 17 và theo hướng tây tây bắc với tốc độ 15-20 km/h. Chiều nay tại Hà Nội; rìa phía nam hoàn lưu bão Yagi gây mưa giông khiến một người chết; 6 người bị thương do cây đổ. Hơn 7;2 triệu học sinh ở 17 tỉnh; thành bị ảnh hưởng bởi bão được nghỉ học ngày mai. Dương Tâm",0,0
"4789846","2024-09-06 17:04:00","Người dân chằng chống nhà cửa trước bão Yagi. . Sáng 6/9; lực lượng chức năng hỗ trợ các hộ dân trên đảo Cô Tô; tỉnh Quảng Ninh di chuyển đồ đạc; thu dọn lều lán du lịch để tránh thiệt hại do bão Yagi. Lúc 10h20; Cô Tô có mưa và gió mạnh; mây đen. Toàn bộ du khách đã rời đảo vào đất liền. Cô Tô là một trong những điểm đảo đầu tiên đón bão. Từ đêm nay khi Yagi vào vịnh Bắc Bộ; Cô Tô sẽ có gió mạnh cấp 12-13; là cấp có mức độ phá hoại cực kỳ lớn; sóng biển cực mạnh; có thể đánh đắm tàu thuyền có trọng tải lớn. Ảnh: Thu Báu Sáng 6/9; lực lượng chức năng hỗ trợ các hộ dân trên đảo Cô Tô; tỉnh Quảng Ninh di chuyển đồ đạc; thu dọn lều lán du lịch để tránh thiệt hại do bão Yagi. Lúc 10h20; Cô Tô có mưa và gió mạnh; mây đen. Toàn bộ du khách đã rời đảo vào đất liền. Cô Tô là một trong những điểm đảo đầu tiên đón bão. Từ đêm nay khi Yagi vào vịnh Bắc Bộ; Cô Tô sẽ có gió mạnh cấp 12-13; là cấp có mức độ phá hoại cực kỳ lớn; sóng biển cực mạnh; có thể đánh đắm tàu thuyền có trọng tải lớn. Ảnh: Thu Báu Hộ làm kinh doanh du lịch trên bãi tắm ven biển Cô Tô di chuyển chiếc kayak lên vị trí cao hơn để tránh bão. Ảnh: Thu Báu Hộ làm kinh doanh du lịch trên bãi tắm ven biển Cô Tô di chuyển chiếc kayak lên vị trí cao hơn để tránh bão. Ảnh: Thu Báu Người dân trên đảo Cô Tô dùng dây thừng khổ lớn chằng buộc nhiều lần để thuyền bè không bị bão đẩy ra xa. Ảnh: Thu Báu Người dân trên đảo Cô Tô dùng dây thừng khổ lớn chằng buộc nhiều lần để thuyền bè không bị bão đẩy ra xa. Ảnh: Thu Báu Lực lượng chức năng huyện đảo Cô Tô hỗ trợ người dân kéo bao cát che chắn cho mái nhà tôn để tránh bị tốc mái. Ảnh: Thu Báu Lực lượng chức năng huyện đảo Cô Tô hỗ trợ người dân kéo bao cát che chắn cho mái nhà tôn để tránh bị tốc mái. Ảnh: Thu Báu Quán nhậu ven biển ở huyện Vân Đồn; tỉnh Quảng Ninh tháo dỡ biển quảng cáo để tránh bão phá hỏng. Chủ quán cho biết sẽ đóng cửa quán từ 17h hôm nay đến khi bão tan. Ảnh: Phạm Dự Quán nhậu ven biển ở huyện Vân Đồn; tỉnh Quảng Ninh tháo dỡ biển quảng cáo để tránh bão phá hỏng. Chủ quán cho biết sẽ đóng cửa quán từ 17h hôm nay đến khi bão tan. Ảnh: Phạm Dự Một nhà hàng khác trên đường Vạn Hương; quận Đồ Sơn; TP Hải Phòng; dùng cốp pha làm lá chắn cho cửa kính để chống lại sức gió và sóng. Ảnh: Lê Tân Một nhà hàng khác trên đường Vạn Hương; quận Đồ Sơn; TP Hải Phòng; dùng cốp pha làm lá chắn cho cửa kính để chống lại sức gió và sóng. Ảnh: Lê Tân Ông Hoàng Khánh Tùng; ở khu 2; quận Đồ Sơn cho biết 7-8 năm nay khu vực này mới bị bão đe dọa nên người dân rất lo lắng. Ảnh: Lê Tân Ông Hoàng Khánh Tùng; ở khu 2; quận Đồ Sơn cho biết 7-8 năm nay khu vực này mới bị bão đe dọa nên người dân rất lo lắng. Ảnh: Lê Tân Nhân viên gara ôtô trên đường Phạm Văn Đồng; Dương Kinh đưa những bao cát nặng lên giữ mái tôn. Ảnh: Lê Tân Nhân viên gara ôtô trên đường Phạm Văn Đồng; Dương Kinh đưa những bao cát nặng lên giữ mái tôn. Ảnh: Lê Tân Người dân thị trấn Cái Rồng; huyện Vân Đồn tháo biển hiệu; bơm nước lên mái nhà tránh bay mái. Video: Huy Mạnh Người dân và lực lượng chức năng di dời các ki-ốt nằm sát bờ biển Đồ Sơn. Ảnh: Lê Tân Người dân và lực lượng chức năng di dời các ki-ốt nằm sát bờ biển Đồ Sơn. Ảnh: Lê Tân Nhóm thanh niên đang chằng buộc cửa kính ở Hubway số 10; đường Hồ Xuân Hương; TP Sầm Sơn; tỉnh Thanh Hóa. Ảnh: Lê Hoàng Nhóm thanh niên đang chằng buộc cửa kính ở Hubway số 10; đường Hồ Xuân Hương; TP Sầm Sơn; tỉnh Thanh Hóa. Ảnh: Lê Hoàng Công an; dân quân tự vệ hỗ trợ người dân kéo thuyền lên đường Hồ Xuân Hương; TP Sầm Sơn; tỉnh Thanh Hóa để tránh bão Yagi. Hiện hơn 6.100 tàu thuyền với gần 20.000 lao động tại Thanh Hóa đã vào nơi tránh trú an toàn. Ảnh: Lê Hoàng Công an; dân quân tự vệ hỗ trợ người dân kéo thuyền lên đường Hồ Xuân Hương; TP Sầm Sơn; tỉnh Thanh Hóa để tránh bão Yagi. Hiện hơn 6.100 tàu thuyền với gần 20.000 lao động tại Thanh Hóa đã vào nơi tránh trú an toàn. Ảnh: Lê Hoàng Trưa nay; hàng trăm chiếc thuyền cỡ nhỏ và bè mảng được người dân đưa lên đường Hồ Xuân Hương; TP Sầm Sơn; để tránh bão. Tuyến đường dài hơn 3 km được trưng dụng một phần vỉa hè và lòng đường làm nơi tập kết bè mảng của ngư dân. Ảnh: Lê Hoàng Trưa nay; hàng trăm chiếc thuyền cỡ nhỏ và bè mảng được người dân đưa lên đường Hồ Xuân Hương; TP Sầm Sơn; để tránh bão. Tuyến đường dài hơn 3 km được trưng dụng một phần vỉa hè và lòng đường làm nơi tập kết bè mảng của ngư dân. Ảnh: Lê Hoàng Người dân di chuyển thuyền lên chỗ cao hơn tránh bão Yagi. Video: Lê Hoàng Nhóm phóng viên",0,0
"4789854","2024-09-06 15:32:00","Siêu bão Yagi cách Quảng Ninh khoảng 430 km. Chiều nay; siêu bão Yagi áp sát đảo Hải Nam của Trung Quốc; cách Quảng Ninh khoảng 450 km; dự báo đêm nay vào vịnh Bắc bộ nhưng chỉ giảm 1-2 cấp.. Trung tâm Dự báo Khí tượng Thủy văn quốc gia cho biết lúc 15h; tâm bão trên vùng biển đông bắc đảo Hải Nam; sức gió mạnh nhất 201 km/h; cấp 16 siêu bão; giật trên cấp 17 và đang theo hướng tây tây bắc với tốc độ 15-20 km/h. Đêm nay; bão vượt qua đảo Hải Nam; đi vào vịnh Bắc Bộ và đến 1h sáng mai cách Quảng Ninh khoảng 230 km với sức gió mạnh nhất cấp 14; tức 166 km/h; giật cấp 17. Khoảng trưa mai; tâm bão đổ bộ các tỉnh Quảng Ninh - Nam Định; cường độ cấp 11-12; giật cấp 15. Bão sau đó giữ hướng tây tây bắc; tốc độ 15-20 km/h; đi sâu vào các tỉnh Lạng Sơn; Bắc Giang; Hải Dương; Hưng Yên; Hà Nam; Ninh Bình... Dự báo đường đi và khu vực ảnh hưởng của bão Yagi. Ảnh: NCHMF Đài khí tượng Nhật Bản cho biết bão vẫn duy trì sức gió 180 km/h; đêm nay vào vịnh Bắc Bộ còn 168 km/h. Đài Hong Kong đưa ra nhận định bão đang mạnh 230 km/h; khi áp sát đất liền Quảng Ninh còn 165 km/h. Đài Hải quân Mỹ cho rằng bão vào giữa bắc vịnh Bắc Bộ vẫn mạnh 185 km/h. Tác động của bão; Bắc Biển Đông gió mạnh cấp 11-14; vùng gần tâm bão đi qua cấp 15-16; giật trên cấp 17; sóng biển 10-12 m. Vùng biển phía đông vịnh Bắc Bộ gồm huyện đảo Bạch Long Vỹ đang có gió mạnh cấp 6-7. Từ tối và đêm nay; vịnh Bắc Bộ bao gồm huyện đảo Bạch Long Vỹ; Cô Tô gió mạnh dần lên cấp 8-9; sau tăng lên cấp 10-11; vùng gần tâm bão đi qua cấp 12-14; giật cấp 17; sóng biển 6-8 m. Ảnh vệ tinh hoàn lưu bão Yagi lúc 14h40 ngày 6/9. Ảnh: Trung tâm Mạng lưới khí tượng Thủy văn quốc gia Từ đêm nay đến sáng mai; vùng ven biển Quảng Ninh - Thanh Hóa có gió mạnh dần lên cấp 6-7; sau tăng lên cấp 8-9; vùng gần tâm bão cấp 10-12; giật cấp 14. Khu vực sâu trong đất liền phía Đông Bắc Bộ có gió mạnh cấp 6-8; giật cấp 9-11; sóng biển cao 3-5 m. Gió mạnh nhất từ sáng đến chiều tối mai. Từ đêm đến sáng 9/9; Bắc Bộ; Thanh Hóa mưa lớn 100-350 mm; có nơi trên 500 mm. Mưa lớn nhất ở phía Đông Bắc Bộ tập trung trong ngày và đêm mai; phía Tây Bắc Bộ từ tối mai đến đêm 8/9. Mưa lớn có khả năng gây ngập úng ở vùng trũng; lũ quét trên các sông; suối nhỏ; sạt lở đất ở sườn dốc. Hôm nay tất cả các tỉnh Quang Ninh - Nghệ An cấm biển; 10 tỉnh; thành phố cho học sinh nghỉ học ngày 7/9; quân đội huy động hơn 450.000 người ứng phó với bão. Bốn sân bay Cát Bi; Vân Đồn; Nội Bài; Thọ Xuân dừng 240 chuyến bay nội địa; 70 chuyến bay quốc tế trong ngày 7/9. Gia Chính",0,0
"4789708","2024-09-06 12:28:00","Hải Phòng; Quảng Ninh đóng cảng biển tránh bão Yagi. Các cảng ở Hải Phòng; Quảng Ninh dừng nhận; xuất nhập khẩu hàng hóa từ trưa 6/9 để tàu thuyền đi neo đậu tránh bão Yagi.. Theo thông báo từ các đơn vị vận hành cảng biển tại Hải Phòng; Cảng container quốc tế Tân cảng Hải Phòng (TC - HICT) dừng giao nhận (nhập; xuất) container từ 12h cho đến khi có thông báo mới. Đây là cảng container lớn nhất miền Bắc; khả năng tiếp nhận tàu trọng tải lên tới 14.000 TEUs với tuyến dịch vụ trực tiếp đi châu Mỹ và châu Âu. Cảng Đình Vũ Hải Phòng cũng ngưng nhận container hàng từ 16h. Với container rỗng hạ chờ xuất; họ tạm dừng từ 0h ngày 7/9. Tương tự; Cảng Tân Vũ - đơn vị cũng thuộc Tổng công ty cổ phần Cảng Hải Phòng dừng hoạt động sớm; từ 12h để tàu thuyền đi neo đậu; tránh bão Yagi. Riêng chi nhánh Cảng Chùa Vẽ (thuộc Tổng công ty cổ phần Cảng Hải Phòng) dừng cung cấp dịch vụ từ 18h cho đến khi có thông báo tiếp theo. Cụm cảng Hải Phòng có vai trò là cửa ngõ ra biển lớn nhất miền Bắc. Đồng thời; đây cũng là cụm cảng tổng hợp cấp quốc gia; đứng thứ hai sau cảng Sài Gòn. Công nhân Cảng Tân Vũ (Hải Phòng) chằng buộc; gia cố contariner hàng hóa; sáng 6/9. Ảnh: Bảo Minh Tại Quảng Ninh; từ hôm qua; công tác bốc xếp hàng hóa trên các tàu tại cảng ở khu vực này được đẩy nhanh. Đến sáng nay; Cảng vụ Hàng hải Quảng Ninh đề nghị hoạt động xếp dỡ hàng hóa dừng trước 11h. Sau đó; các tàu thuyền đang cập cầu cảng để làm hàng hóa phải di chuyển tới khu tránh bão trước 16h. Các doanh nghiệp cảng biển được yêu cầu phối hợp chặt chẽ với cảng vụ; đơn vị hoa tiêu điều động tàu thuyền hoạt động trong cảng đi tránh bão; để đảm bảo hoàn thành xong đúng mốc thời gian trên. Thuyền trưởng các tàu; thuyền cũng được lưu ý tính toán độ dài neo cho phù hợp với địa hình; dòng chảy; mật độ của tàu thuyền xung quanh và thường xuyên kiểm tra để tránh bị đứt neo hoặc rê neo để đảm bảo an toàn. Ban Chỉ huy Phòng chống thiên tai và tìm kiếm cứu nạn tỉnh Quảng Ninh cũng đề nghị các cơ quan liên quan dừng cấp phép cho các phương tiện thủy ra khơi từ 11h; và tạm ngừng cấp phép cho các phương tiện du lịch; lưu trú trên biển cho đến khi có thông báo mới. Để ứng phó với siêu bão Yagi; Tập đoàn Công nghiệp Than - Khoáng sản Việt Nam (TKV) yêu cầu các đơn vị có vận tải thủy kiểm đếm tàu thuyền; phương tiện và thông báo yêu cầu di chuyển ra khỏi vùng có gió giật mạnh; neo đậu chắc chắn tại nơi tránh trú bão bảo; cũng như gia cố chắc chắn các thiết bị; kho dự trữ; nhất là các thiết bị có chiều cao lớn tại khu vực cảng biển. Ở khu vực các mỏ than tại Cẩm Phả; Hà Tu; TKV lưu ý huy động tối đa các hệ thống bơm hoạt động liên tục để bơm hạ nhanh mực nước moong (phần đáy mỏ) và bố trí bơm dự phòng để bơm thoát nước nhanh nhất khi mưa lớn kéo dài; lượng nước xuống moong nhiều. Các đơn vị cũng được yêu cầu phải bố trí trực 24/24 để ứng phó kịp thời khi có sự cố. Theo Trung tâm Dự báo Khí tượng Thủy văn quốc gia; bão Yagi có phạm vi ảnh hưởng rất rộng nên từ trưa nay vùng biển phía đông của vịnh Bắc Bộ (gồm huyện đảo Bạch Long Vỹ) có gió mạnh dần lên cấp 6-7. Từ tối và đêm nay; vịnh Bắc Bộ gió mạnh dần lên cấp 8-9; sau tăng lên cấp 10-11; vùng gần tâm bão đi qua cấp 12-14; giật cấp 17; biển động dữ dội. Sóng biển cao 2-4 m; sau tăng lên 3-5 m; vùng gần tâm bão 6-8 m. Thi Hà - Anh Tú",0,0
"4789746","2024-09-06 11:52:00","N/A. Nắng nóng trước bão có thể làm tăng lượng mưa khi cơn cuồng phong Yagi vào bờ; theo chuyên gia; người dân Quảng Ninh; Hải Phòng nên chuẩn bị để ""ở yên"" trong 2 ngày; vùng ven biển cần sơ tán trước 21h ngày 6/9.. Liên hệ: 084 666 0123 hoặc podcast@vnexpress.net.",0,0
