"postId","commentId","content","timestamp","likeCount"
"76Vb9JwfqP8","Ugzp2UPYXLeRTFospt14AaABAg","Khủng khiếp khi Mẹ Thiên Nhiên nổi giận . Thương lắm đồng bào ơi ! Ai xem cũng nghẹn ngào tuôn rơi nước mắt . Mọi người sẵn sàng chia sẻ dù ít dù nhiều  , để bà con vơi đi nỗi đau tột cùng này .","27/09/2024 18:29","7"
"76Vb9JwfqP8","Ugw2WDYhnAI0h4qG5554AaABAg","Bão yagi công nhận công phá mạnh thật😁😁😁😁😁😁😄😄😄😄😄","25/09/2024 14:21","5"
"aDQZ7zHQsCA","UgzKdCW2p5Obae-8nPx4AaABAg","Nam mô a di đà phat.niệm phat đi moi nguoi chỉ có troi phat cứu thôi","08/09/2024 13:05","41"
"aDQZ7zHQsCA","UgzdeAxnud45CG4xus54AaABAg","Quá kinh khủng,  gió hút cái cửa cuốn ra ngoài luôn","09/09/2024 15:10","10"
"aDQZ7zHQsCA","UgxXA3ue9lja42f4Um54AaABAg","Nam mô Đại từ Đại Bi cứu khổ cứu nạn quán thế âm bồ-tát","09/09/2024 07:14","20"
"aDQZ7zHQsCA","Ugy_RxbU2csexxTsovh4AaABAg","Sức gió trên 200km/giờ thì khủng khiếp rồi.🙄🤧","12/09/2024 23:01","2"
"aDQZ7zHQsCA","Ugz-MkCb76KUiCEDjw54AaABAg","Sức người ko làm gì đc thiên tai.sợ quá","08/09/2024 18:46","14"
"aDQZ7zHQsCA","UgxaHt9xQ5o34IN2zjJ4AaABAg","""CÓ CẦU TỨC CÓ ỨNG. CÓ THỜ CÓ THIÊN CÓ KIÊN CÓ LÀNH. CÁI PHƯỚC GIÚP LƯỚT CÁI HOẠ😮""
NAM MÔ CỨU KHỔ QUÁN THẾ ÂM BỒ TÁT..
NAM MÔ A DI ĐÀ PHẬT...A DI ĐÀ PHẬT...❤","09/09/2024 10:13","58"
"aDQZ7zHQsCA","Ugz09lCFsc9PKzoImY54AaABAg","Trời đối với thiên nhiên con người thật là nhỏ bé và yếu đuối 😢😢😢","11/09/2024 16:03","2"
"aDQZ7zHQsCA","UgxZnJGlMrA74BHXsnd4AaABAg","Nam mô a di đà phật","07/09/2024 04:56","11"
"aDQZ7zHQsCA","UgzlQFVyzi6kxc5MLJ14AaABAg","Nam mô a Di Đà Phật","07/09/2024 00:40","16"
"aDQZ7zHQsCA","Ugx8CXiHjJ5mnm7gACl4AaABAg","Kinh tế khủng hoảng, thất nghiệp khắp nơi... giờ còn thiên tai bão lụt thế này nữa","07/09/2024 22:23","65"
"aDQZ7zHQsCA","UgyMNjNG-ljph5Ix7jR4AaABAg","Toàn đợi gặp nạn hay đau bệnh mới niệm Phật, chứ bình thường không thèm niệm câu nào.","11/09/2024 19:47","3"
"aDQZ7zHQsCA","Ugxh-KvnF4kizD2F3jt4AaABAg","Xin Thiên Chúa cứu giúp chúng con. Amen","13/09/2024 05:33","6"
"aDQZ7zHQsCA","UgypTgpNveT0Z1LKOrZ4AaABAg","Cơn bão ghê thật 😱","11/09/2024 20:56","1"
"aDQZ7zHQsCA","Ugx4V1XFgoCHJEoI4WV4AaABAg","Giờ mà nhân loại đã đến gần sự phán xét
Của thiên chúa","11/09/2024 22:11","0"
"aDQZ7zHQsCA","Ugy7a1Xdcirqe61Ay694AaABAg","Vừa thấy tội vừa tức cười 😢😢😢😢😢😅😅😅","11/09/2024 00:58","0"
"aDQZ7zHQsCA","Ugxf9ehUF29_6kWWVJJ4AaABAg","trời ơi gió bão mạnh quá, sợ quá, adidaphat 🙏🙏🙏","10/09/2024 16:23","1"
"aDQZ7zHQsCA","UgwNO2SPOsjOQk2CsLZ4AaABAg","Cầu xin bình an no ấm đến","10/09/2024 20:54","2"
"aDQZ7zHQsCA","Ugw9VNsjW4KVFZEmrl94AaABAg","🙏🙏 ADIDAPHAT
MAY SAO KHÔNG  MẤT CẢ NGƯỜI 😂😂","13/09/2024 12:07","1"
"aDQZ7zHQsCA","UgwxHqbE6TuytfExJ9d4AaABAg","Dữ vậy","10/09/2024 21:20","0"
"aDQZ7zHQsCA","Ugyqqoq5_BcMs7lP6k94AaABAg","Cuối cùng t cũng đợi đc ngày nhà có bão 😂😂","07/09/2024 00:11","2"
"aDQZ7zHQsCA","Ugwy6htgi0qOX_H0uRJ4AaABAg","Mô phật bay luôn cửa cuốn. Nam mô A Di Đà phật","09/09/2024 06:30","2"
"aDQZ7zHQsCA","UgzR2_Oux2C3m0b7Fal4AaABAg","Hơn 100km trên giờ tàn phá quá khủng khiếp","14/06/2025 22:38","0"
"aDQZ7zHQsCA","UgxXxlhTlZyeKb-f9AZ4AaABAg","đâu có ngờ là nó mạnh vậy đâu 😂","11/09/2024 15:27","0"
"aDQZ7zHQsCA","UgxDjouwEhMORRWypAl4AaABAg","Cửa cuốn mà gió còn lock bay luôn bão gê quá","13/09/2024 07:13","0"
"aDQZ7zHQsCA","UgxxhySQHnHK9M3I0QB4AaABAg","Trời ơi mạnh dữ vậy","11/09/2024 14:55","0"
"aDQZ7zHQsCA","UgyrCruiJA5Y7onTPYd4AaABAg","Nam Mô Đại từ Đại Bi cứu khổ cứu nạn Quan THẾ ÂM BỒ TÁT","09/09/2024 14:33","16"
"aDQZ7zHQsCA","UgycoZlA-LTcIZp058t4AaABAg","Thương quá Nam mô a Di Đà Phật","11/09/2024 20:08","0"
"aDQZ7zHQsCA","Ugx37nb-T8xrRpKNxux4AaABAg","Cánh cửa bốc hơi nhanh quá","10/09/2024 11:42","0"
"aDQZ7zHQsCA","UgxadhrxEigBxJANeUx4AaABAg","Bão kiểu: cái j tui thích lấy là của tui","10/09/2024 13:02","0"
"aDQZ7zHQsCA","Ugy0_0iAcyQXe7VzkR94AaABAg","Sức mạnh của thiên nhiên thật kinh khủng","19/06/2025 18:11","0"
"aDQZ7zHQsCA","Ugx2xuMhJvbwZw7v9194AaABAg","Nam Mô A Di Đà Phật.","08/09/2024 20:58","2"
"aDQZ7zHQsCA","Ugw1jY4Q6baF7vWYwjV4AaABAg","A di đà phật 😢","10/09/2024 20:28","1"
"aDQZ7zHQsCA","Ugzb-dNPB1BTTCAMDIx4AaABAg","Mong mọi người đều bình an","09/09/2024 19:54","1"
"aDQZ7zHQsCA","UgyA1BVSNUh9u3HyC4t4AaABAg","Vậy mà cánh cửa bay toe loét🤯🤯🤯","10/09/2025 10:21","0"
"aDQZ7zHQsCA","Ugy8bm8qlBEa01eRpUJ4AaABAg","Nam mo a di đà phật","10/09/2024 02:03","1"
"aDQZ7zHQsCA","UgxgRYmmDyLa-LSI7z54AaABAg","Con ng thật nhỏ nhoi vs thiên nhiên","10/09/2024 11:10","0"
"aDQZ7zHQsCA","UgyLI6cIYI-ky0s8HZJ4AaABAg","nam mô a di đà phật 🙏🙏🙏","09/09/2024 22:06","1"
"aDQZ7zHQsCA","Ugw8wUEOO4kNA2nP3UJ4AaABAg","❤❤ ghê quá 😮😮","10/09/2024 19:55","0"
"aDQZ7zHQsCA","UgyQ5epqivlYsIHzAIJ4AaABAg","Gió mạnh quá !!🙏🏻🙏🏻🙏🏻","11/09/2024 04:50","0"
"aDQZ7zHQsCA","UgwCCQQOXK6AI5IgVXd4AaABAg","Thật kinh khủng. Chỉ thương người dân","09/09/2024 21:31","0"
"aDQZ7zHQsCA","Ugyy7BFpKcdF82FoIgp4AaABAg","Dã man thiệt. Thương người dân quá","09/09/2024 08:58","1"
"aDQZ7zHQsCA","Ugzi-St-FHCZKQqSGrZ4AaABAg","Nam Mô A Di Đà Phật","09/09/2024 13:11","1"
"aDQZ7zHQsCA","UgzAavxzlnw0C5ske794AaABAg","Tội quá. Khủng khiếp thật","09/09/2024 22:26","0"
"aDQZ7zHQsCA","Ugyw73aBevUdGRFgdXN4AaABAg","hên quá tôi ở tây ninh, ở nơi cao ko sao 😂","11/09/2024 11:54","0"
"aDQZ7zHQsCA","UgyZ0vxxvt_Kl_w-dip4AaABAg","Nhìn đã thật..😮😮😮","10/09/2024 20:12","0"
"aDQZ7zHQsCA","Ugy0sNFsMjabg9bUFhF4AaABAg","Nam mô quan thế am bo tat cứu khổ cứu nạn 😢😢😢❤❤❤","11/09/2024 00:51","0"
"aDQZ7zHQsCA","UgyqLX4Ma-r3LD6NSXp4AaABAg","Qn đag gió to quá","07/09/2024 05:26","0"
"aDQZ7zHQsCA","Ugwan9jitBKAFGYyu054AaABAg","NAM MÔ A DI ĐÀ PHẬT 
🙏🙏🙏","09/09/2024 14:07","1"
"aDQZ7zHQsCA","Ugy4JhofIUdW7IxCNi94AaABAg","Con người quá nhỏ bé so với thiên nhiên, kinh khủng thật!","10/09/2024 14:18","0"
"aDQZ7zHQsCA","UgxaTee8XXgWFSVKF_94AaABAg","Gió mạnh quá","12/09/2024 20:13","0"
"OTcYhxRkQ9E","UgyVEsPfkGH2W00FzVR4AaABAg","Mong anh em miền Bắc luôn bình yên cố gắn vượt qua bão","09/09/2024 21:30","6"
"OTcYhxRkQ9E","UgylaaBM0ZFoBCNAgXV4AaABAg","Chỗ tui sắp có siêu bão rồi 🫨🫨🥶🥶🥶😨😨","06/09/2024 13:05","6"
"OTcYhxRkQ9E","Ugw5qtuS773rJWDtK8h4AaABAg","Chỗ tui ở ko có năm nào có bão đi qua.  Chỉ bị ảnh hưởng thôi . Tui dân đồng nai . 
😊😊","06/09/2024 17:37","12"
"OTcYhxRkQ9E","UgxLysl_s9f38tK_v9Z4AaABAg","Chỗ tui siêu bão rồi ở Hà Nội","06/09/2024 16:25","2"
"OTcYhxRkQ9E","UgwJRmoKyXzkew7hHK14AaABAg","nguy hiểm quá 😢😢😢😢😢😢😢","06/09/2024 11:27","0"
"OTcYhxRkQ9E","UgyXRNpZZJaAk7FYOph4AaABAg","Chỗ tui sắp có siêu bão nè","06/09/2024 13:03","0"
"OTcYhxRkQ9E","Ugzh0BqgrxhAevFmmWx4AaABAg","Nam Mô A Di Đà Phật","06/09/2024 11:59","0"
"OTcYhxRkQ9E","UgzELNubBx0IAmVlRUJ4AaABAg","Nam Mô A Di Đà  Phật nam mô a di đà Phật","07/09/2024 11:56","0"
"OTcYhxRkQ9E","UgxmWXxYaC3RsdW2drN4AaABAg","chỗ tui ko sao cần thơ yên bình😊","08/09/2024 09:52","0"
"OTcYhxRkQ9E","UgwybjW_bvjhoGcxRtt4AaABAg","Nhà tui là ở tâm","26/08/2025 21:13","1"
"OTcYhxRkQ9E","Ugx1ZCwRIQy33kizkoJ4AaABAg","Tôi cũng người đồng nai","07/09/2024 21:12","0"
"OTcYhxRkQ9E","UgzLhcHluBq9m3UK4CZ4AaABAg","tôi ở Hải Phòng có đổ bộ","03/07/2025 12:17","0"
"OTcYhxRkQ9E","Ugy4RDRSI5Ui6qYQlX94AaABAg","Em thì bị ảnh hưởng nhưng em    lo quá mọi người khác 😢😢😢😢😢😢😢😢😢😢😢😢","06/09/2024 18:01","0"
"OTcYhxRkQ9E","UgwX-rpk8FooKeLPVJV4AaABAg","Nhạc 😀
Nội dung ☠️☠️☠️💀💀💀🌀🌀🌀","06/09/2024 18:58","5"
"OTcYhxRkQ9E","Ugwl9Y3pu-OGFX_jUCN4AaABAg","Nhưng mà tôi ơ
Miên băc😊😊❤❤","14/08/2025 19:09","0"
"OTcYhxRkQ9E","UgxV_FMLp_m-MIpRjIJ4AaABAg","Tôi ở Thái Nguyên mà gió thổi muốn quật gãy hết cây. Gió mạnh v","07/09/2024 15:15","0"
"OTcYhxRkQ9E","UgznRVQWBi1z-JbnEXB4AaABAg","sợ quá","07/09/2024 18:03","0"
"OTcYhxRkQ9E","UgwipsFSf4MVnvzZQDJ4AaABAg","Bão Kajiki 25/8/2025 thì vd này đc đề xuất lại","26/08/2025 21:42","0"
"OTcYhxRkQ9E","UgysbkagV_xRLMWqr9x4AaABAg","Có tới hò chí minh ko ạ 🥶","08/09/2024 09:16","0"
"OTcYhxRkQ9E","Ugzfu03DxRMN3CoPu894AaABAg","Tui ở miền nam nên không sao","07/09/2024 13:38","0"
"OTcYhxRkQ9E","Ugx4aQ6P6tGZjEHyFBt4AaABAg","tui ở việt trì","10/11/2025 17:04","0"
"OTcYhxRkQ9E","UgwzgkpEXMcZGXHpeJB4AaABAg","Nam mô đừng tới việc nam","07/09/2024 19:56","0"
"OTcYhxRkQ9E","UgypoCi3jwqwsstvIR94AaABAg","Miền bắc gió , mưa , sấm sợ vl","07/09/2024 06:05","0"
"OTcYhxRkQ9E","UgyRq2fGQI_65e7cvxh4AaABAg","Sau malisiki với prapiroon đúng ko","18/10/2025 06:21","0"
"OTcYhxRkQ9E","UgxreRj16WqYdJUYNpF4AaABAg","Mạnh hơn Noru không vậy ad ơi","06/09/2024 11:50","0"
"OTcYhxRkQ9E","UgyA3xhVGWWxs9Vd7z94AaABAg","Bây giờ bão wipha rồi mạnh hơn rồi giật cấp 13   bảo này cũng số 3 đó","08/08/2025 09:15","0"
"OTcYhxRkQ9E","Ugwy8I4hYEEJHVqXDCx4AaABAg","giờ là bão wipha^^","21/07/2025 19:37","2"
"OTcYhxRkQ9E","UgzYGNVNgJu5n8GpnBV4AaABAg","Tui la 15","07/09/2024 10:54","0"
"OTcYhxRkQ9E","Ugx63jHlKP-GSbVe2jJ4AaABAg","Kinh lắm cây đổ lần lần luôn","06/09/2024 16:25","1"
"OTcYhxRkQ9E","UgyM--qDMPfHjTa6vVd4AaABAg","tui ở hải phòng chết tui rồi ☠️☠️☠️☠️","06/09/2024 13:23","1"
"OTcYhxRkQ9E","UgweDTeBpWLn69vp7RV4AaABAg","Đêm nay bão tới Hà Nội rồi","07/09/2024 19:08","1"
"OTcYhxRkQ9E","Ugzrszo4EV2uwWXQKuN4AaABAg","Lạng Sơn có bị ảnh hưởng lớn ko vậy mng😢😱😱😰😨","06/09/2024 16:10","4"
"OTcYhxRkQ9E","UgyY5aziCCJ3_WM6kVx4AaABAg","ở ngoài bắc mấy khi có bão đâu, ở miền trung năm nào chả có, có khi 1 năm đón 2 3 lần bão","06/09/2024 20:31","0"
"OTcYhxRkQ9E","Ugzq75gU8LddtiPBZa14AaABAg","Bao lần nhà đài dự báo là bão mạnh có thấy j đâu","06/09/2024 12:03","1"
"OTcYhxRkQ9E","Ugzc8raSBKWcFDph1il4AaABAg","Chỗ tui sắp có siêu bão rồi 🫨🫨🥶🥶🥶😨😨","06/09/2024 13:06","1"
"yPDLWBBlnTo","UgwjxGYwcnvDMAM-NZZ4AaABAg","Cầu mong những nơi có bão đi qua, mọi người đều bình an ❤","09/09/2024 19:12","1"
"21_azfFEWsQ","Ugxa_I92bL3zgEMbX6R4AaABAg","Bão HẢI YẾN đáng sợ lắm","06/12/2025 08:20","0"
"21_azfFEWsQ","UgwVggs45yp8e-LtGx14AaABAg","Omg","01/09/2025 15:43","2"
"21_azfFEWsQ","UgxIjVV0LAzXfXZFbyt4AaABAg","😱😱😱😱😱😱","19/08/2025 10:39","2"
"21_azfFEWsQ","UgyYVeae1td_8dsqdKx4AaABAg","Bão ragasa còn mạnh hơn cả bão yagi","26/09/2025 18:03","0"
"LVFOG9sWt4o","UgyWaQ1WOXnQASDOAdp4AaABAg","mẹ thiên nhiên vs mẹ thiên hạ","01/10/2025 19:40","0"
"LVFOG9sWt4o","UgxuBAOeCE7eRLunM4F4AaABAg","😂","21/09/2024 10:06","1"
"Nj-cd3SXYII","UgwWX0osyHEDYU-g6MN4AaABAg","hà giang có nặng đâu mưa thôi","01/11/2024 20:28","0"
"Nj-cd3SXYII","UgxO902kzt2BnU93TQF4AaABAg","Đỉnh cao trí tuệ là đây hihi","02/11/2024 10:04","0"
"Nj-cd3SXYII","Ugzcxbo9xd4fa51H0Pt4AaABAg","Ai ở Thái Nguyên thì like nha","29/10/2024 20:58","0"
"Nj-cd3SXYII","Ugx_EtQV0FXea6ik6KN4AaABAg","Mới bị té xe hồi sáng😂😂","09/10/2024 17:21","0"
"Nj-cd3SXYII","Ugz6-AhAnARPFIbsg_54AaABAg","mình ở Quảng ninh tổn thất rất nhiều ,nhưng vẫn thương cho mấy bạn ở Cao bằng ,Yên Bái ,Lào cai :((","31/07/2025 16:58","0"
"Nj-cd3SXYII","UgyrgmGdg0EplbWORhR4AaABAg","May ko thống kê bắc ninh. Thật tôi là người bắc ninh nhà tôi cũng bay  nóc  nhưng thương bà con  vùng  cao quá","23/09/2024 01:14","11"
"Nj-cd3SXYII","UgybTyPCBLMTGycL78p4AaABAg","Quê tôi ở Yên Bái mong ông ngoại bình an❤❤❤❤❤❤❤❤❤❤❤❤❤❤❤","08/10/2024 20:13","4"
"Nj-cd3SXYII","UgxCoNKcL3bC01ISiIV4AaABAg","Team yên bái
👇","15/11/2024 21:36","0"
"Nj-cd3SXYII","UgwiZoN_LE2DvL0hB1x4AaABAg","Anh tôi ở lào cai","07/10/2024 15:52","2"
"Nj-cd3SXYII","UgzRgAIsaDH9IxwvZkF4AaABAg","Quê em ở Thái Nguyên, nhà bà ngoại em ở phú thọ","08/12/2024 12:40","1"
"Nj-cd3SXYII","UgxThP531rRteGFJetF4AaABAg","Quang Ninh chỗ mìnk nha lúc bão làm cây đu đủ nhà tui gãy lùn:))","21/12/2024 16:15","0"
"Nj-cd3SXYII","Ugx4q2NdnPzr3wvjTAB4AaABAg","Đấy là thiệt hại về người còn tài sản nhất quảng ninh nhì hải phòng nhé trong tt thời sự nói","24/09/2024 10:47","4"
"Nj-cd3SXYII","UgzgZLrel3hniWzLqIN4AaABAg","Ở đây ai ở Thái Nguyên thì điểm danh với","05/10/2024 20:22","0"
"Nj-cd3SXYII","Ugz5h_vktSXmHGTMkEx4AaABAg","Thương thật sự.","22/09/2024 01:38","2"
"Nj-cd3SXYII","UgxEPBV5C3Taa0X9xeN4AaABAg","ai phú thọ điểm danh","12/10/2024 13:25","0"
"Nj-cd3SXYII","UgyFKjJIsPrGXKhDMtp4AaABAg","A DI ĐÀ PHẬT CHÚC ĐẠI CHÚNG BÌNH AN💕😭🌳🙏🙏🙏🪷🪷🪷","03/10/2024 11:07","2"
"Nj-cd3SXYII","UgzRYcbFWdSCraCwPXF4AaABAg","mong phú thọ đc yên bình🙏😢","08/10/2024 20:54","0"
"Nj-cd3SXYII","UgwpTi9ziczr6ffZ4cZ4AaABAg","Tui ở Thái Nguyên nên không bị sao ❤","26/10/2024 22:51","0"
"Nj-cd3SXYII","UgyATKGM9TQxoONETEN4AaABAg","vấn đề là dựa trên cơ sở nào . con người hay kinh tế","21/09/2024 11:57","6"
"Nj-cd3SXYII","UgyeMlLSF9FXC8FdtKp4AaABAg","Chị ơi có Hà Nội còn đổ nhiều. cây á","11/10/2025 12:11","0"
"Nj-cd3SXYII","UgyULogKbtsylR6I6yx4AaABAg","Bình An zữ chưa 😂😂😂😂😂","10/10/2024 10:44","0"
"Nj-cd3SXYII","UgyRRVUehhYJZbFvpGd4AaABAg","Quê tôi ở phú thọ, mong mọi người yên bình😊","30/10/2024 13:53","0"
"Nj-cd3SXYII","UgwF9PdLuhbhnww8k694AaABAg","Quên hải dương bão còn bẻ gãy cây dừa","28/09/2024 20:21","1"
"Nj-cd3SXYII","UgxAzcCdqO7FT7jKrNV4AaABAg","Ôi trời ơi sao lại như thế này cao bằng của  tôi","06/10/2024 13:58","0"
"Nj-cd3SXYII","UgyXtJSuZXep2amvSJl4AaABAg","Trời ơi cứ tưởng không có Cao Bằng cơ vậy mà còn đứng ở tóp 3 còn Quảng Ninh với Hà Giang còn chỉ đứng top 9& top 4 ,mà Hà Giang còn sạt lở đất rất nhiều còn Quảng Ninh thì bị thiệt hại rất  nặng nề,☹️Hải Phòng nữa chứ ,nhưng mà tội cho dân làng Nủ ,Lào Cai quá thương anh Phúc và em Bảo quá😮‍💨☹️ mong cho mọi người luôn được bình yên ❤và hạnh phúc ạ ❤","01/10/2024 20:37","3"
"Nj-cd3SXYII","UgzpKtHXoeLujVJbLyt4AaABAg","Hà Giang là ở quê mình đó mong là quê mình đừng bị sập như vậy😢😢😢","08/10/2024 12:12","0"
"Nj-cd3SXYII","UgzYHC87NibstJ1AY514AaABAg","Ở là nổ bị dại nhiều nhất","03/11/2024 15:16","0"
"Nj-cd3SXYII","UgyxT-MMRf8uxm0Xc-94AaABAg","nhà em ở Thái nguyên chỗ của em cũng bị lũ như vậy nghập sâu tận 2 mét rất là sợ nhà của không ở được nên phải sang nhà bà em ở ngay cạnh nhà em","21/10/2024 19:43","0"
"Nj-cd3SXYII","Ugy8MeD_4hi7GPc_3fl4AaABAg","Cố lên nhé, miền Bắc thân yêu😢😢😢❤❤❤❤","06/10/2024 20:48","0"
"Nj-cd3SXYII","UgwXqUR_rBj_yPSCiip4AaABAg","tôi ở Tân Kim nên chỉ đổ cây với gió chứ ko có mưa","16/10/2024 20:42","0"
"Nj-cd3SXYII","Ugz1snbohi7TUl2xLFd4AaABAg","Điện Biên ko có báo haha","27/10/2024 10:24","0"
"Nj-cd3SXYII","UgxrFMCPP0m-CDBMR-x4AaABAg","cả hà nội nữa cơ mà","06/10/2024 10:58","0"
"Nj-cd3SXYII","UgwCXSK51WnsRjaWfsB4AaABAg","Thái Nguyên sợ quá 😨","06/10/2024 21:13","0"
"Nj-cd3SXYII","UgwDnoCjqOZxfPAt4794AaABAg","Thường niệm Phật luôn bình an","01/10/2024 20:56","0"
"Nj-cd3SXYII","UgzrvZ6CKJJ9cJDH7vF4AaABAg","Trời ơi ở miền Bắc có bão yagi khủng lắm nhưng mcũng có ở các tỉnh miền khác cơ","02/11/2024 22:08","0"
"Nj-cd3SXYII","UgzkMAaaxfHnsQXb9jV4AaABAg","Nói đến Lào Cai nghẹn lòng vì thương 😢😢😢","09/10/2024 07:40","6"
"Nj-cd3SXYII","Ugyp8FxGBgVA3cCohhV4AaABAg","Tội quá 😢😢","08/10/2024 06:39","0"
"Nj-cd3SXYII","Ugz6XooXMqTh1qg-sM54AaABAg","Đem tiền ra ngoài đó xây tượng đài, cổng chào cho cố vô.","30/09/2024 19:29","0"
"Nj-cd3SXYII","UgxGbyzgHv0r9s19k6h4AaABAg","Việt Nam ơi cố lên","01/11/2024 17:40","1"
"Nj-cd3SXYII","UgxQaLN1gSmAxOAtGJ54AaABAg","Quê mình ở Phú Thọ mà trên đấy sập cầu 😢","27/10/2024 18:00","0"
"Nj-cd3SXYII","UgzoXeyCxdiR6l60Ynl4AaABAg","T ở Thái Nguyên nhưng nhà t ko bị sao mà 
Chỉ bị vỡ 1 cái cuửa kính thoii ((-","10/11/2024 17:55","0"
"Nj-cd3SXYII","UgyG_cGqwlGWobThuH54AaABAg","Cầu mong bà con cào bằng bình yến t cx ở cao bằng mà bão ko toi chỗ t","19/10/2024 10:06","0"
"Nj-cd3SXYII","Ugz5y2e3xqaGwQ1wNpJ4AaABAg","Ờ ha bữa trước tôi thấy cầu phú thọ bị sập mà 😮😮😮😮😮😮😮😮😮😮😮😮","12/10/2024 21:50","0"
"Nj-cd3SXYII","UgzpacGh1LMFXWRggFt4AaABAg","Tui sống ở Thái Nguyên mà dell có lụt đếch j :)","14/10/2024 22:36","0"
"Nj-cd3SXYII","Ugz3QbWjhli0d1J2MI94AaABAg","Thai bình đau thằng này khong biết j con noi","03/10/2024 11:57","0"
"Nj-cd3SXYII","Ugy0brZbnrHQQ9Bt9vZ4AaABAg","Yêu đồng bào thương đồng bào lam","22/09/2024 11:35","2"
"Nj-cd3SXYII","Ugxuv7e4saTR04Ma1Np4AaABAg","Chỉ bị ở thành phố Tuyên Quang thôi á😢😢em ở dưới quê không bị gì đâu","20/10/2024 16:09","0"
"Nj-cd3SXYII","UgwQ7Dg5f1MHr8ywdCF4AaABAg","em ở Đồng Hòa nhà em chỉ bị bay luôn cái nhà của con chó nhà em giờ nó vẫn đang ngồi khóc ko ăn ko uống","18/10/2024 20:02","0"
"Nj-cd3SXYII","UgyP3gqH2CmSYOWGiwp4AaABAg","Hà Gang chỉ bị những vùng quê thôi","20/10/2024 08:56","0"
"Nj-cd3SXYII","Ugw4drx0kDZZxhc9YGh4AaABAg","Bão số 5 rồi","30/09/2024 12:59","0"
"9LPG5YcE7EA","UgyvU1638iIg-fuzVPJ4AaABAg","Cái mặt của zombie trong plan vs zombie 😂","16/09/2024 22:18","22"
"9LPG5YcE7EA","UgzUiGauJLNrxRNGQ4x4AaABAg","Em nhìn một cái là em sợ liền😢😢😢😢😢😢","08/09/2024 07:30","6"
"9LPG5YcE7EA","Ugyu-pYtW8lL5jVruD14AaABAg","Siêu bão yagi không
Siêu bão yeti đúng😂😂😂😂😂😂😂😂😂","30/10/2025 10:50","0"
"9LPG5YcE7EA","UgwoGLpno-uch4N6xct4AaABAg","Sợ cái cấp độ của nó❌
Sợ cái hình dạng🟩","06/11/2025 17:46","0"
"9LPG5YcE7EA","UgzBa1E69XzPgII3HnN4AaABAg","Nhìn y như cái mặt của con zombie trong plan and zombie quá","30/03/2025 10:17","0"
"9LPG5YcE7EA","UgxPf5NkfM5eBM8YtNB4AaABAg","Tui thấy giống mặt zombie tron plan vs zombie hơn","03/12/2024 19:18","0"
"9LPG5YcE7EA","UgwQzRf1QjJeWysEWeR4AaABAg","Do bảo yagi mạnh mẽ quá","18/09/2024 14:41","6"
"9LPG5YcE7EA","Ugzm_9cA2kxsQXUcM_14AaABAg","Nhìn giống plant vs zombie","24/03/2025 15:56","0"
"9LPG5YcE7EA","UgzomwgvYPFD6ViVZq54AaABAg","nhìn gioonga tanjiro lúc hoá quỷ hơn","09/09/2024 19:02","0"
"9LPG5YcE7EA","Ugwams4IWdgSYoeD56l4AaABAg","Thấy giống mặt của con zombie trong plants vs zombie","12/09/2024 11:42","0"
"9LPG5YcE7EA","UgwOne5AsIop2roiu154AaABAg","Bảo yagi thật đáng sợ 😢😢😢","08/11/2024 17:31","0"
"9LPG5YcE7EA","UgxHuE0OBd5PDRmdDZR4AaABAg","Má nó có nguyên cái mặt mũi mắt miệng luôn trời","22/09/2024 07:14","0"
"9LPG5YcE7EA","UgxmdOc_VClSCXxg9ZR4AaABAg","Sau này người ta sẽ gọi là thảm họa yagi😢😢😢😢😢😢😢","11/09/2024 10:05","0"
"9LPG5YcE7EA","Ugxux9ilJXJEk657GPh4AaABAg","Giống đầu lâu quá đi😮😮😮😮😮😮","14/11/2024 09:31","0"
"9LPG5YcE7EA","Ugw2hrLasvzvHPWhL2t4AaABAg","Ai thấy nó giống zombie trong plants vs zombie","17/09/2024 12:05","0"
"9LPG5YcE7EA","Ugw8MXxc7bFmelEdjP94AaABAg","Cơn bão số 3 đã đạt cấp 16,17 đẵ trở thành siêu bão nhà em","09/09/2024 10:09","1"
"9LPG5YcE7EA","UgyR_yxVcGFKBsw3pQx4AaABAg","Mặt của zombie trong pvz","22/09/2024 21:47","0"
"9LPG5YcE7EA","UgzWqKs8_jbsbir3BQV4AaABAg","Chổ của mình bảo yagi qua rồi mình đang ở bịnh viện đây","18/09/2024 14:39","0"
"9LPG5YcE7EA","Ugwr87891AW2EB7rvqJ4AaABAg","Hôm trước em chưa học lớp 2,có bão yagi thì yagi muốn làm nhà em ngập tràn nước yagi,thế là em sợ suýt _-đái-_ ra quần","25/12/2024 17:02","0"
"9LPG5YcE7EA","Ugxfyv6Q-xaTRCZnW7R4AaABAg","Yagi = yeti 😂😂😂","30/12/2024 06:26","0"
"9LPG5YcE7EA","UgyfuSWqTsST7PuQDSR4AaABAg","Em thấy mát 🤓","07/09/2024 22:44","1"
"9LPG5YcE7EA","UgwMOorXB6_crP1OEHB4AaABAg","Chắc chưa cả cái hôm Ý tôi chẳng ngủ được luôn ý mất điện cả đêm","22/12/2024 17:12","0"
"9LPG5YcE7EA","Ugx41wvxszw2IvArTAd4AaABAg","Mang bão yagi đến đây","13/09/2024 19:47","0"
"9LPG5YcE7EA","Ugwn0WR79CpNyxw1uQV4AaABAg","Là yeti một sinh vật ở vùng tuyết lạnh nhưng nó bị tuyệt chủng từ lâu lắm rồi","28/09/2025 18:20","0"
"9LPG5YcE7EA","Ugykn1-x4cwL1OqdCd94AaABAg","S nhìn buồn cười v=)","03/10/2025 16:54","0"
"9LPG5YcE7EA","UgyImdiWgEy3f7baVgx4AaABAg","Cây đổ hết rồi 😮","28/09/2024 08:32","0"
"9LPG5YcE7EA","UgzlXG8lwsL8ZjpFfUR4AaABAg","Miền nam cũng bị ảnh hưởng nè","09/09/2024 11:03","0"
"9LPG5YcE7EA","Ugyc9Yz6o5-n9Oe5RT14AaABAg","tôi ở miền Nam cũng bị mưa to","08/09/2024 07:07","0"
"9LPG5YcE7EA","UgxjtUBTCLwQS6FPMqh4AaABAg","Nó là cơn bão số 3 🤯 Em nhận quà mà","08/09/2024 13:44","0"
"9LPG5YcE7EA","Ugwwgi8Xl8xIk2WKFd14AaABAg","Nhà em bị sập một mảnh tường rồi😢😢","08/09/2024 06:55","0"
"9LPG5YcE7EA","Ugyg33GSY1GXOcmRlD94AaABAg","ở ag cx có mưa quá tr lun","08/09/2024 09:14","0"
"9LPG5YcE7EA","UgwZO1aY-VDY8xOyyJd4AaABAg","Siêu Bão Matthew năm 2016 mới đáng sợ đó! Mặt q*y ghê rợn cười mà nó ám ảnh cuộc đời của những người ở Vùng Carribean.","02/08/2025 09:03","0"
"9LPG5YcE7EA","UgwdiGHcMzQYVM2Bfoh4AaABAg","Phát hiện một con zombie siêu to khổng lồ","04/03/2025 11:41","0"
"9LPG5YcE7EA","UgyrGj6hYgjRiiuSchd4AaABAg","Cái thùng rác sợ tới nỗi cố gắng bám vào hàng rào để đừng bị bay điXDD","08/09/2024 07:37","4"
"9LPG5YcE7EA","UgyvuohWGEFcTeklHLV4AaABAg","May quá chổ tôi chỉ bị ảnh hưởng thôi","09/09/2024 19:33","0"
"9LPG5YcE7EA","Ugx2kzg3SXuBHHXKQJx4AaABAg","Chỗ t mới có tối qua 😢","08/09/2024 08:24","0"
"9LPG5YcE7EA","Ugyy9aGyaU4SnDyegx54AaABAg","Bão Yagi zombie 😇","16/09/2024 16:59","0"
"9LPG5YcE7EA","UgxJ1cwErY9KX64h1m14AaABAg","Rồi tức rồi để làm gị cũng đc","21/09/2024 15:42","0"
"9LPG5YcE7EA","Ugw4A-5wpGmJO1WHyo94AaABAg","Không đáng sợ bằng cơn bão năm ấy lấy đi hơn 3ty người","22/09/2024 15:41","0"
"9LPG5YcE7EA","UgzJliq9lr1CLZgzlup4AaABAg","60 năm sau cơn bão này sẽ đến miền trung chúng tôi","08/09/2024 08:10","0"
"9LPG5YcE7EA","UgwM28ZYm8G-a5FlfId4AaABAg","Đi qua tỉnh tui nè","09/09/2024 21:56","0"
"9LPG5YcE7EA","UgwWMmbPzlAejwLH-PZ4AaABAg","Chửi vì sao quá sức tưởng tượng","15/09/2024 19:23","0"
"9LPG5YcE7EA","Ugzwc9IIFMN0plBF1tF4AaABAg","miên băc 😨😨😨😨😱😱😱😱😱","08/09/2024 07:04","0"
"9LPG5YcE7EA","UgwGtdIhf_V3aEWaXah4AaABAg","Tôi không thể nào","29/09/2024 16:10","0"
"9LPG5YcE7EA","UgwIaDLI8E3Tr56WMQl4AaABAg","😮😮😮😮😮🙀🙀🙀🙀🙀🙀","28/09/2024 15:05","0"
"9LPG5YcE7EA","Ugy3_06OyCHJJZN4dK54AaABAg","Dì tôi bị mát nhà","21/09/2024 15:41","0"
"9LPG5YcE7EA","Ugx6DcmUzR7J8WnEJP14AaABAg","nhìn là biêt","08/09/2024 11:16","0"
"9LPG5YcE7EA","Ugx74XiWyStQ2yvuTIx4AaABAg","Ghim đi anh😢","07/09/2024 22:21","1"
"9LPG5YcE7EA","Ugy3XMfu3tD629eAq-14AaABAg","😊","09/09/2024 20:20","0"
"9LPG5YcE7EA","UgwjpkAGzIF_YvriKVZ4AaABAg","Con quái vật nó liên quan gì =)))","11/09/2024 22:18","0"
"ahpNdmW7BY4","UgyQW9c3EKg2T-ABrON4AaABAg","May mắn em là người Miền Nam 😅
Chúc các bạn miền Bắc bình an vô sự, tránh bão Yagi nhé 😊","08/09/2024 13:38","1334"
"ahpNdmW7BY4","UgxR7P15s777d7Tl3UB4AaABAg","bão yagi xuất hiện
người khác : 😱😱😱
đạt : để xem bão yagi làm rụng bao nhiêu trái bưởi 🗿","10/09/2024 11:40","20"
"ahpNdmW7BY4","UgyGFtCQ-kB-IyZ70AF4AaABAg","tôi ở Hải Phòng  lãnh đủ
chúc anh em miền Bắc bình an vô sự","09/09/2024 08:17","346"
"ahpNdmW7BY4","UgwwIkVo6gN5QZzskCB4AaABAg","Cách tả cây hoa nhà em rụng hết cả cây","12/09/2024 15:31","0"
"ahpNdmW7BY4","UgzAfjwle7UnG49XsSF4AaABAg","Tôi là người miền Trung ngoài này thì đang bình thường cũng hơi mưa nhẹ( không biết có phải bình yên trước cơn bão không) nhưng hi vọng là không. Còn ae ngoài Bắc thì sao tình hình ae như nào. Chúc ae vượt qua cơn bão nhá","08/09/2024 14:31","311"
"ahpNdmW7BY4","Ugw9kncA9W60S-89dT14AaABAg","Anh cầm cây dù đi chơi đi anh, cho 1 vé xuyên miền luôn ạ đỡ tốn tiền đi , nhưng tốn tiền về thôi ạ😂","08/09/2024 13:26","55"
"ahpNdmW7BY4","UgwwjUbP27KRy_AAHAR4AaABAg","Review bão YaGi : ❌️
Giải cứu những quả bưởi : ✅️","14/09/2024 16:26","2"
"ahpNdmW7BY4","UgziiBzkFLdzqLHu-5F4AaABAg","Câu cuối a chốt bão yagi chỗ a yếu chỗ khác mạnh :)).Bão siad:bị Đỗ Đạt xúc phạm😂😂😂","10/09/2024 19:29","8"
"ahpNdmW7BY4","Ugyq1MiVyH9sgk7KJwp4AaABAg","Sau bão Yagi 
Tôi:Chắc là 2 chục quả 
Đạt: 5 quả thôi","14/01/2025 21:09","0"
"ahpNdmW7BY4","Ugy8VJTmLqOhH54u-h94AaABAg","May mà em ở thanh hoá bão đi chệch hướng nên chỉ bị ảnh hưởng nhẹ","08/09/2024 11:55","42"
"ahpNdmW7BY4","UgzHXf81vejh-1w1Ezx4AaABAg","Sắp có bão cu gia r :(","14/09/2024 15:06","0"
"ahpNdmW7BY4","Ugwght9c_BrbYyA2zvN4AaABAg","tôi thái bình bão to và mất điện 2 ngày","10/09/2024 22:26","0"
"ahpNdmW7BY4","UgxzTLd_f4XH3c1LifR4AaABAg","Yagi : bão mạnh nhất hiện tại
Haiyan: bão mạnh nhất lịch sử 
Bão mặt trời : 🗿","12/09/2024 13:01","33"
"ahpNdmW7BY4","Ugzt-sZZFrdQCUir_KB4AaABAg","Nhà tôi 83 quả nhé  bh mới ăn hết đây","10/09/2024 19:51","1"
"ahpNdmW7BY4","Ugz6HE5KE_tQrey4Ljp4AaABAg","Nhà e ở hải phòng (trung tâm bão) mà may nhà ổn r cây xung quanh đổ hết","08/09/2024 11:39","44"
"ahpNdmW7BY4","Ugy6qRYtM6zwyLyktQJ4AaABAg","Anh em miền trung còn chill vl 💀","10/09/2024 13:03","0"
"ahpNdmW7BY4","UgyWWcLCMtRL71QQip94AaABAg","Cho bạn nào miền Nam chưa biết thì miền Bắc trồng rất nhiều Bưởi, hầu như nhà nào có vườn cũng trồng bưởi. Và bưởi rất dễ rụng khi gặp gió to, mưa bão, nhà anh tôi ở Thái Bình trồng hơn chục cây sau bão Yagi thì rụng sạch :))","11/09/2024 08:09","37"
"ahpNdmW7BY4","Ugy8uSTp4zk_Nm2q45l4AaABAg","Người gặp Bão yagi 
1 Đỗ Đạt:)","04/01/2025 12:56","0"
"ahpNdmW7BY4","UgwLXYDujkgz1lj5kMJ4AaABAg","nhà em bên vườn nó còn gãy luôn cả cây xoan may nó ko đổ vào nhà em😇😇","08/09/2024 12:46","8"
"ahpNdmW7BY4","UgyK-kHgu0C35yx6Oad4AaABAg","Đừng có chê yếu, chỉ là may mắn hơn vì nằm ngoài rìa bão thôi.","09/09/2024 21:21","0"
"ahpNdmW7BY4","UgwRq5YQm0LZsAHmd_J4AaABAg","Nhà em đổ luôn cây mít quả rõ thơm ra mà đổ mất tiếc","08/09/2024 18:25","6"
"ahpNdmW7BY4","UgyoNpbQZYGJUdK1ZCx4AaABAg","Tính ra bão yagi là phải bay nóc nhà chứ:)","13/09/2024 20:37","0"
"ahpNdmW7BY4","UgyMw-vqY9fKk0poDb94AaABAg","lúc đầu dự báo Hải Dương chỉ bị ảnh hưởng thôi, ai ngờ bão nó chuyển hướng thế là chỗ e hứng đủ. Cây đổ, mái tôn bay vèo vèo,… Trường e CNT cũng thiệt hại nặng thực sự, nhìn tưởng vừa xảy ra tận thế 😢","08/09/2024 17:30","7"
"ahpNdmW7BY4","UgwqgSPISXyiLS7iG_d4AaABAg","giờ xong bão jagi thì lại thêm con trà mi nũa","09/11/2024 21:43","0"
"ahpNdmW7BY4","UgzWMwcxOFYFlCH-FhB4AaABAg","Cây bưởi của ông mà ở hạ long thì có mà quả cũng chả thấy mà nhặt nữa đâu =))))","25/09/2024 01:41","0"
"ahpNdmW7BY4","UgzKxJ7ce6Z01F72nnF4AaABAg","Em đang quay thì nhà ai bay luôn nóc  ai ở Thái Bình dơ tay","12/09/2024 11:03","0"
"ahpNdmW7BY4","UgyK1GeoE4xla9qxGZp4AaABAg","bên em đổ cột điện , đổ cây mít , đổ tường =))","09/09/2024 14:11","0"
"ahpNdmW7BY4","Ugy1h7jKqpw-KnEyTPF4AaABAg","Sau bão Yagi quá là bất ổn 😂😂","14/01/2025 20:23","1"
"ahpNdmW7BY4","Ugx0KY4tbu-PPbWiPBl4AaABAg","Anh ơi nhà em bay mất cái tủ quần áo với bật cửa sổ đấy","29/09/2024 07:07","0"
"ahpNdmW7BY4","UgweoSDqllWCc4_R8UJ4AaABAg","Cũng chịu bão yagi nhưng người Việt Nam  ứng phó rất ảo","13/09/2024 20:03","0"
"ahpNdmW7BY4","Ugw9-dv_aUsiYA-Vn4l4AaABAg","Nếu như là người miền Nam chắc kiểu có có sầu riêng ăn😂😂😂😂","22/05/2025 21:02","0"
"ahpNdmW7BY4","UgzT88E9yPimvNXvW254AaABAg","Nghỉ hè tuần trước còn chưa đi học mà bão nó phá nha","08/11/2024 14:38","0"
"ahpNdmW7BY4","Ugz77Cb1T7LgmN-JYwR4AaABAg","Khi ở điểm trung tâm của bảo yagi thì mới yamete =)","14/09/2024 12:52","0"
"ahpNdmW7BY4","UgwMRwfv9Cy_wvZow_h4AaABAg","Mưa đó ko bằng mưa bình thường của miến tây tụi tuii","06/12/2024 19:46","0"
"ahpNdmW7BY4","Ugye8Df18_f6_CO2RpB4AaABAg","Thay gì anh ấy chuẩn bị để chống bão thì anh ấy quay toptop","12/09/2024 21:04","0"
"ahpNdmW7BY4","UgxHN808-Ms5fS77lrl4AaABAg","Ở Hp thì mất cả cây :))","22/09/2024 23:08","0"
"ahpNdmW7BY4","UgxYAJaNnikfKfvsqDJ4AaABAg","Bão này là bão daxua chứ 😂😂😂","28/02/2025 21:22","0"
"ahpNdmW7BY4","Ugy9Bl5C4PmCRyI_Kdx4AaABAg","Còn 2 quả trong nhà ko lấy luôn à. Hay để hàng xóm qua ăn hai quả còn lại","10/09/2024 09:33","0"
"ahpNdmW7BY4","UgwcohyarscgvhHHKmN4AaABAg","Miền Trung thứ 5 là bão trà mi","29/10/2024 22:47","1"
"ahpNdmW7BY4","UgwQHJWXXOF57rT8B3t4AaABAg","Bếp nhà em cũ bị tốc hết mái bát đũa vỡ tan 😅","10/09/2024 18:38","0"
"ahpNdmW7BY4","Ugxftf02ngL6_xujt9Z4AaABAg","cáiđâylàbáocâp1","10/09/2024 17:41","1"
"ahpNdmW7BY4","UgyFl_GGK7DX_EVrcVx4AaABAg","Bốn cây sà cừ nhà ông em đổ hết vào nhà , nhà em không sao","10/09/2024 20:30","0"
"ahpNdmW7BY4","Ugxm-maPBNDxXProWLV4AaABAg","Tôi ở Hải Phòng miền bắc thì siêu bão yagi nó đến thì tôi kiểu","03/07/2025 12:12","0"
"ahpNdmW7BY4","UgxLwMG3hQVZ4k7Yj154AaABAg","Anh ơi nhà em bị ngập rồi chúc anh thật bình yên nhé ❤","11/10/2024 19:29","0"
"ahpNdmW7BY4","Ugxd82wlG5iIchbHTYF4AaABAg","Nhà em bay nóc luôn, bác em can đảm chèo lên nóc sửa 🎉","23/11/2024 13:20","0"
"ahpNdmW7BY4","UgwA4fMvty48GqAPssN4AaABAg","😂 trứng gà nó thổi bay mẹ cái nóc nhà tôi rồi mà nó nói yếu","10/09/2024 16:35","0"
"ahpNdmW7BY4","UgzxoSr6oeVr4G0If9V4AaABAg","Đây là bão yagi 2, bão yagi 3 là siêu bão!","10/07/2025 00:06","0"
"ahpNdmW7BY4","UgyGrn5yAODBSnL8gA14AaABAg","May mắn là nhà em ko bay nóc =))","09/09/2024 22:38","0"
"ahpNdmW7BY4","Ugy77jqBMiFgEl5m1C14AaABAg","Nhà em Thanh Hóa mưa suốt ngày à đúng là yagi","12/09/2024 16:33","0"
"ahpNdmW7BY4","Ugxov-C_dlwXiVg01794AaABAg","mưa mà nhìn ông này vui vcl =)))","10/09/2024 22:59","0"
"X4LVHA10Xuc","Ugz8pMBLgAu7hCdMv1N4AaABAg","Cầu mong cho người dân Miền Bắc bình an","07/09/2024 11:07","503"
"X4LVHA10Xuc","UgwAKlQd928sw_CExRZ4AaABAg","Vừa mới nghe cô kể ở các vùng xa đag có bão này.nó càn quét nhx nơi nó ik qua. Chắc cơn bão đó  mạnh lắm😅😢chúc mấy vùng miền bắc mạnh khỏe bình an❤❤","09/09/2024 15:55","33"
"X4LVHA10Xuc","UgzI5T0yWoJYibo4RdV4AaABAg","Đúng là thành niên chưa trải sự đời. Ko điện không internet, ko có nơi ăn chơi. Đó là quay lại thời đồ đá đúng nghĩa luôn đó. Chán ko thể vào tả được hết luôn.","07/09/2024 07:39","1011"
"X4LVHA10Xuc","UgwebhoLIwNwIauvCoN4AaABAg","Hình như là dồn về hà nội Á🤡🤡","08/09/2024 22:04","1"
"X4LVHA10Xuc","UgwQsdez9HeNDy9Q4DV4AaABAg","Cầu mong đồng bào ae miền Bắc bình an. Miền Tây xa vậy mà cũng gió lớn lắm nè.","07/09/2024 18:34","43"
"X4LVHA10Xuc","UgzGAL9w5mxzkmzm9OJ4AaABAg","Ghê","15/11/2024 22:14","1"
"X4LVHA10Xuc","Ugw8KQJT8nS7IbT6M4t4AaABAg","🍀🍀🍀🍀🍀🍀🍀🍀🍀🍀🍀🍀🍀🍀
——————————————————————
(🎉 cỏ may mắn chúc bạn an nhàn 🎉)","19/11/2024 07:01","1"
"X4LVHA10Xuc","UgwLfXJhTipeYTdTWU94AaABAg","Ở nhà tui á, bữa gió thổi mạnh quá muốn bay nóc luôn 😅","07/09/2024 18:38","3"
"X4LVHA10Xuc","Ugza8mMPSb1qZmnFYIJ4AaABAg","Tui nghe mà sợ ngồi túi nhà tui chịu gió thôi chiều 3 giờ cơn bão lớn đó,  tui ko biết nhà tui chịu nỗi ko tui có 1 cơn ác mộng hồi tui còn nhỏ nhà tui bị sập và sao khi nhà sập gia đình tui dọn qua nhà nội tui ở được 1 tháng thì trong ngày đó tui ngủ tui mơ là đang ngủ rồi nhà sạp ko hay tui bị đè đó là cơn ác mộng của tui vì thế từ đó tới bây giờ 😅😔sợ quá ko biết bão chỗ tui ra sao nữa 😵‍💫❤","07/09/2024 07:37","91"
"X4LVHA10Xuc","UgxrSI_Yr0uKd97cuix4AaABAg","😂😂😂😂😂😂😂😂😂😂😂😂","10/09/2024 11:28","2"
"X4LVHA10Xuc","Ugz4eXg4Upu6xfGlssJ4AaABAg","Chỗ mình chả có tí bão nào, may quá 🍀","07/09/2024 07:17","132"
"X4LVHA10Xuc","UgyEYqL-wCQDftr87Ch4AaABAg","Bão em còn mạnh hơn anh đó mà em sắp chết đây này 😅😅😅","11/09/2024 13:03","1"
"X4LVHA10Xuc","UgxGsNUBM5FE3OOcxN54AaABAg","Thật là kinh khủng mà chúng ta phải cẩn thận nhất là những người ở vùng ven biển và miền trung mong những người đó vượt qua đc trận bão này 😊","07/09/2024 09:34","3"
"X4LVHA10Xuc","UgymTkHQLkB2OmFeb6J4AaABAg","Máy mà nó càn quyét hết ở trung quốc rồi về vn còn đỡ 😂","07/09/2024 07:15","4"
"X4LVHA10Xuc","Ugz86gqKDLtuj2Cj1_h4AaABAg","Nhà tôi còn bị thổi bay lóc nhà kìa 😢😢","10/09/2024 19:19","0"
"X4LVHA10Xuc","UgytFJh7SOokUwDaS354AaABAg","Cầu cho những ai bị ảnh hưởng bởi bão luôn may mắn nhé 🍀🍀","07/09/2024 09:20","32"
"X4LVHA10Xuc","UgwSqoqAGikPZxWSfH54AaABAg","Bão to cực
Tui thik :D","09/09/2024 14:22","0"
"X4LVHA10Xuc","Ugxz2FPPtEG-jmgTO3d4AaABAg","Huhu tui ở Bắc Ninh hôm qua thông báo nay hoặc mai mưa bão số 3 trời khóc thét 😢😢","07/09/2024 07:20","46"
"X4LVHA10Xuc","UgzcAMG75k5R15naNE14AaABAg","chỗ e siêu bão yagi 
Mà như siêu bão mini","11/09/2024 09:11","0"
"X4LVHA10Xuc","Ugy6DvTcyOWsgN_q1kV4AaABAg","trẻ con ở ngoài là hết cú😂😂😂","14/10/2024 12:02","1"
"X4LVHA10Xuc","Ugx3nI_lClG9DlAnYfV4AaABAg","Hên quá mình ở Miền Nam mong các ae Miền Bắc sống sót qua khỏi cơn bão này 😢","08/09/2024 12:38","7"
"X4LVHA10Xuc","UgznokLcJ0tlMEWuXFt4AaABAg","Mấy đứa trong miền nam:🌞🌝","23/09/2024 05:14","1"
"X4LVHA10Xuc","UgzpRoKQHcVyVOaQtut4AaABAg","Nói thật luôn là nhiều ng cứ uớc bão yagi đến nhanh chỉ để đc nghỉ học, nhiều bn học sinh vẫn còn coi thường bão yagi và cứ mong muốn nó tới nhanh, sau khi tới r thì khóc than bão đến thì cũng lmj có mạng mà chs","07/09/2024 10:06","5"
"X4LVHA10Xuc","UgyRHMO8AAZT03uaAY94AaABAg","Camera man là bất tử 👍👍","18/09/2024 17:41","0"
"X4LVHA10Xuc","UgwXvW7mtIVXwcSJJbZ4AaABAg","t ở miền Nam nên khá thoải mái:)
bà ngoại t ở miền Bắc nên t cx hơi lo
chỗ t bây h nắng nóng còn mog có mưa nx mà","07/09/2024 14:35","3"
"X4LVHA10Xuc","UgxABxcbCJJLRqmmXmR4AaABAg","Nói ở việt nam mà quay bên tàu à :))","08/09/2024 15:46","0"
"X4LVHA10Xuc","Ugzc9YAVTsG1VFc3Jv14AaABAg","NAM MÔ ĐẠI TỪ ĐẠI BI CỨU KHỔ CỨU NẠN QUÁN THẾ ÂM BỒ TÁT 
Con cầu mong tất cả mọi người bình an tai qua nạn khỏi","07/09/2024 13:20","19"
"X4LVHA10Xuc","Ugx4bvI6NBKL3ib9Azd4AaABAg","Thế bão số 1 và bão số 2 có  không?","10/09/2024 11:19","1"
"X4LVHA10Xuc","UgzRLL6r1sJiS3Tm5px4AaABAg","Nó đâu hiểu đc sự thiệt hại về tài sản và con người lớn như thế nào đâu...Yên bình là điều quý giá nhất","07/09/2024 19:10","3"
"X4LVHA10Xuc","UgyI8lnMN4tQcs8X4RR4AaABAg","Chỗ mik mới mưa gió nhiều trời đen gió ào ào lun 😮😮😮","07/09/2024 22:11","0"
"X4LVHA10Xuc","UgzOPSqNN1y9MJR4hzp4AaABAg","Nam mô a di đà Phật mong bão qua nhanh cho mọi người đỡ khổ","07/09/2024 15:53","3"
"X4LVHA10Xuc","Ugzjj9toEaW0K009kBt4AaABAg","Nhà mik bay nóc nha r đó là tôn *-*","07/09/2024 22:09","0"
"X4LVHA10Xuc","UgxANXuhul8YFxrz_kB4AaABAg","Tối qua nhà tui nước chảy tòng tòng , ngập nhà lun . Quần áo của tui và gia đình bay lun xuống chuồng chó . Mà nhà tui còn may á , bởi vì áo cấp 2 của tui chưa bay đâu , còn áo của em tui mắc dô cột điện òi . Khỏi lấy lun . HAHAHAHA 😂😂😂😂😂","07/09/2024 09:26","39"
"X4LVHA10Xuc","Ugzb_mXALIiFtkQtZfZ4AaABAg","Họ giờ đã có 1 kỉ niệm trong thời hs dữ dội","09/09/2024 19:00","0"
"X4LVHA10Xuc","UgwwIMI40Kc5IQx4ucB4AaABAg","Bọn trẻ học sinh giờ sướng quá nhờ, học nghỉ liền liền, ngày xưa học có ngày chủ nhật nghỉ cũng phải đi học bù vì bị trễ bài, học sáng chiều liên tục tục ngày qua ngày. Đạp xe đạp 5,6 cây trong túi có 5k ăn ko dám ăn uống ko dám uống. Nhìn lại các em bây giờ sung sướng hơn tiên","07/09/2024 15:47","21"
"X4LVHA10Xuc","UgxG85eHpo2gDEFjN7l4AaABAg","Hà Nội:☠️
Sài Gòn:🗿🍷","07/09/2024 14:53","12"
"X4LVHA10Xuc","Ugx1Q3DqsIUuS1Ibqw14AaABAg","Chỗ tui bão nhẹ nhất chỉ bị đổ cửa nhà văn hoá thôi","10/10/2024 12:09","0"
"X4LVHA10Xuc","UgxbcPmU4wJTQ6Zt3g14AaABAg","Bão đến mà còn là bão số 3 yagi 
Người miền bắc 💀
Người miền nam 😀☕","07/09/2024 08:43","4"
"X4LVHA10Xuc","UgzQuBF-rlxL35JpVcV4AaABAg","Trời ơi mẹ mình nói bảo cũng phải đi học 😂","08/09/2024 13:12","0"
"X4LVHA10Xuc","UgysrlEvyEZz-D88BOZ4AaABAg","Sợ thật, chưa bao giờ nghĩ là có cơn bão nào mạnh như vậy luôn, mọi người cẩn thận cố gắng lên nhé!😢","08/09/2024 01:28","3"
"X4LVHA10Xuc","UgyHn3l1064qOF8oRk14AaABAg","Anh ơi ở Việt Nam có bão yagi ko vậy 😢😢😢","19/09/2024 16:52","0"
"X4LVHA10Xuc","UgySCcjfV1X1RuSdUeV4AaABAg","Bão mạnh nhất lịch sử vs bão mạnh nhất hiện tại 🍷🗿👍","13/09/2024 18:19","0"
"X4LVHA10Xuc","Ugz_3P1ZGPhrHLG1j6J4AaABAg","Ai nhớ nghỉ hè lâu nhất lịch sử ko 😂","07/09/2024 22:21","0"
"X4LVHA10Xuc","UgwpP1pvlF_Ainn4O554AaABAg","Vietnam airlines 474:tui có nghe lời mày đâu :)))","15/11/2025 20:03","0"
"X4LVHA10Xuc","Ugws0p6dPzfOkLZgWnd4AaABAg","bị gió cuốn bay bài tập:)))","08/09/2024 16:06","0"
"X4LVHA10Xuc","Ugyk-VZjTN6Yes-Mie14AaABAg","Bắc: bay mãi tôn 
Trung: bị thương nhẹ 
Nam: yagi gì cơ","15/09/2024 14:49","0"
"X4LVHA10Xuc","Ugz8Vp7yBofviea-Y7J4AaABAg","nhà tôi ở hạ hòa nên vẫn chưa bị sao","07/09/2024 14:24","1"
"X4LVHA10Xuc","UgxlzIFzuAMoufUVHGR4AaABAg","Cậu mong chỗ tui và nói khác bị vẫn sống được😅😢😢","08/09/2024 12:17","0"
"X4LVHA10Xuc","UgyfOq98-LW2isMYzOh4AaABAg","éo sợ 😂😂😂😂😂😂😂😂😂😂","09/10/2024 18:53","1"
"X4LVHA10Xuc","Ugy-N6ht_N4Kzmm4tSN4AaABAg","Ở thái bình chỗ tui ở vừa qua bão hôm qua bị bão quật cho gãy hết cây bay cả ngói","09/09/2024 05:26","0"
"sJLksOsZlBQ","Ugzm2lGXMq_BPXcXPJp4AaABAg","Mình rất sợ vì đến cả trong geam cũng cảnh báo huhu😢😢😢😢😢😢","07/09/2024 23:44","1"
"sJLksOsZlBQ","UgwDWpp-RYvJbZ1VzyZ4AaABAg","Mong bà con ko bị sao","06/09/2024 17:23","2"
"sJLksOsZlBQ","Ugxj6naGa1Lq8LZViil4AaABAg","Tôi ở hải dương có bão yagi","06/09/2024 20:40","2"
"sJLksOsZlBQ","UgwMysN3ZkdZ1EdqRSR4AaABAg","❤❤❤❤","07/09/2024 12:43","0"
"sJLksOsZlBQ","UgyoyOXlGKomhr1Bvo14AaABAg","Mọi người cố lên vN sẽ chiến thắng thôi🇻🇳🇻🇳🇻🇳🇻🇳😢😢😢","07/09/2024 07:16","0"
"sJLksOsZlBQ","UgybMHdQJb385VOP_t94AaABAg","Cầu mong mọi người tai qua nạn khỏi !","06/09/2024 21:49","0"
"sJLksOsZlBQ","UgyCoJuLIot2_-zLt6B4AaABAg","Đảo Hải Nam k che được lần này","08/09/2024 10:47","0"
"sJLksOsZlBQ","Ugwnic8uwKFEEdKA1zp4AaABAg","❤","06/09/2024 19:41","0"
"sJLksOsZlBQ","UgzJkc_3pHmpFVmDOdp4AaABAg","Tui đang rén","06/09/2024 17:37","0"
"sJLksOsZlBQ","UgyOVSKJOY2XI4Oycq94AaABAg","Sos mn ơi 😢🦐","08/09/2024 07:53","0"
"sJLksOsZlBQ","UgyWcABSkYF8sCMWpbp4AaABAg","Ghê","06/09/2024 20:20","1"
"sJLksOsZlBQ","Ugx0obmHzY51MkOa72F4AaABAg","Sợ😢😢😢😢","06/09/2024 17:30","0"
"sJLksOsZlBQ","UgyvTuJana-HbTzZCHt4AaABAg","Cho em xin video nha a😢","18/09/2024 13:17","0"
"I7fHgojlYtk","Ugx1GW8PFO4yRSsQech4AaABAg","Cuoi no bung 😂","28/09/2024 23:40","1"
"I7fHgojlYtk","UgzKQtuT5ZpWJUMofOZ4AaABAg","Bão Yagi đã làm cho các cửa hàng đc chú ý nhiều hơn :))","16/09/2024 14:23","16"
"I7fHgojlYtk","UgwTspBq_fD3sac2IoZ4AaABAg","Chợ á bài 🥰","16/09/2024 21:30","2"
"I7fHgojlYtk","Ugzw_gFtPyd4ojyoZjZ4AaABAg","Hahahahaha","16/09/2024 12:02","2"
"I7fHgojlYtk","Ugz8GquZ2LTJ4lyK7qJ4AaABAg","sau bão yagi gần chỗ t còn có siêu thị kín khách cơ :)))","20/09/2024 19:06","1"
"I7fHgojlYtk","UgzThxhtXvJUenvNKGh4AaABAg","Mất mợ chữ nhé😂😂😂😂","16/09/2024 11:52","6"
"I7fHgojlYtk","UgxO9levt2EAmUa423B4AaABAg","Mắc iar qa 😂","16/09/2024 20:06","1"
"I7fHgojlYtk","UgzOjgj0TFoq1SU_MV54AaABAg","Khum pít lói j hơn","03/11/2025 17:40","0"
"I7fHgojlYtk","Ugw_MP1qUs9b1vBqyUx4AaABAg","Nhiều cái là nó mất chữ từ lâu rồi mà >:(","21/09/2024 08:03","0"
"I7fHgojlYtk","UgzdjjIlKQcsYfpTLFt4AaABAg","Tôi chỉ quan tâm thị trấn ế chắc đây là nơi anh em tợp hợp dí nhau","16/09/2024 12:37","3"
"I7fHgojlYtk","Ugz82QmBW-B3CLP2_tJ4AaABAg","Huh ? Cái ảnh khu vực A mất E có từ hồi năm 2021 - 2022 gì đấy liên quan gì đến bão yagi ?","19/09/2024 16:54","2"
"dqXbWo_Y3MQ","UgzdOKYhd-F-q_TogoR4AaABAg","Ghim e đi","08/09/2024 20:02","46"
"dqXbWo_Y3MQ","UgwToQLLns1EXqi6Zk94AaABAg","😢 Mong rằng các bạn miền trung và Bắc vẫn khỏe mạnh và an toàn sau cơn bão nha😢😢 Nhìn mà sợ quá đi huhu","08/09/2024 08:54","68"
"dqXbWo_Y3MQ","UgxAPyso9Ic1ab_uDdx4AaABAg","Cầu mong cho tất cả chúng sanh đều được hưởng phước lành 🙏🙏🙏","10/09/2024 15:24","27"
"dqXbWo_Y3MQ","Ugx2x4YemhnlyKg-qip4AaABAg","Nam mô a di đà phật
Hãy cho miền Bắc và Miền trung Bình An sau cơn Bão❤❤❤","07/09/2024 20:00","109"
"dqXbWo_Y3MQ","Ugz4etthPn_ksU2JMkp4AaABAg","Chúc các bạn ở miền Bắc an toàn nhé😊❤","07/09/2024 18:56","14"
"dqXbWo_Y3MQ","Ugyrq11s07BQpq0p5uZ4AaABAg","Tưởng tượng một con tàu chở hàng nguy hiểm đang đi vào thời tiết này☠","15/09/2024 00:18","2"
"dqXbWo_Y3MQ","UgztwtO0x68RSWwu5al4AaABAg","Sau khi qua r lại phải lội nước đến trường","10/09/2024 21:59","3"
"dqXbWo_Y3MQ","UgxKXykW9lDN_untIs94AaABAg","Mong các bạn miền bắc bình an vượt qua cơn bảo này 😊❤","08/09/2024 07:57","3"
"dqXbWo_Y3MQ","UgyZiVNfsYhN5nc5Z814AaABAg","Xin bình an đến với bà con trên mọi miền đất nước","10/09/2024 02:21","4"
"dqXbWo_Y3MQ","Ugw7h-KVTwHge6eLuEx4AaABAg","Chỗ mình bão đi rùi may quá","08/09/2024 15:08","3"
"dqXbWo_Y3MQ","Ugz9PME5U-P4z96F01Z4AaABAg","Người Việt Nam anh Dũng thật bão mà vẫn lướt trên đường quá bá đạo","11/09/2024 20:34","1"
"dqXbWo_Y3MQ","Ugxp8OrcJ_FhFQWDvDR4AaABAg","Đang ngủ sáng dậy ko thấy nóc nhà đâu luôn 😂😂","09/09/2024 21:47","1"
"dqXbWo_Y3MQ","Ugz5GfbLUguJ5xC1DaR4AaABAg","Nhà tui còn ngập lụt luôn mà 😢","14/09/2024 14:36","2"
"dqXbWo_Y3MQ","UgxpvowPwgbENtEW3IZ4AaABAg","Nam Mô A Di Đà Phật con cầu cho gia đình và tất cả mọi người được bình an🍀🍀🙏🏻🙏🏻","07/09/2024 18:28","12"
"dqXbWo_Y3MQ","UgwVwOOW0g793VNYPJF4AaABAg","thương bà con vùng bảo quá mong bà con bình an MK cố gắng lên","09/09/2024 12:37","4"
"dqXbWo_Y3MQ","UgybkXIo57ZtBoqzLBd4AaABAg","Cầu trời ngưng cơn giận dữ cho mọi người được bình an , nam mô a di đà Phật","08/09/2024 20:39","3"
"dqXbWo_Y3MQ","UgzFkowtdazkpIWC73d4AaABAg","Mong cho tất cả các gia đình các ngôi nhà được bình an an lành ❤❤❤","17/09/2024 07:16","1"
"dqXbWo_Y3MQ","Ugxg0dDqOqoeaRqlIat4AaABAg","Thương tâm, hoảng sợ một bài học cho việc ra đường lúc mưa gió bão…","13/09/2024 11:33","1"
"dqXbWo_Y3MQ","UgxDBsCFo1X400jWHAd4AaABAg","Bão tôi đi học cọc mấy cục gạch vào xe khỏi bị thổi bay, mà cái bão này là siêu bão giật cấp 17 mới ra khỏi cửa bay mẹ người.","16/09/2024 12:52","1"
"dqXbWo_Y3MQ","UgxHmhoVFTxKlSfOSup4AaABAg","Tội những người ở miền bắc quá❤😢❤😢❤😢❤😢❤😢❤😢❤😢❤😢❤😢❤😢❤😢❤😢❤😢❤","13/09/2024 17:17","2"
"dqXbWo_Y3MQ","UgzQQEJqUsiMofwyT1t4AaABAg","Bão yagi:tao tặng mày cái quần nè 😂","24/09/2024 21:15","1"
"dqXbWo_Y3MQ","Ugyg_trN_v6lWFBTZ354AaABAg","chỗ tui vẫn còn yên bình lắm mong là nó sẽ yên bình như thế khi bảo Yagi tới, mong là các bạn ở miền khác an toàn","09/09/2024 14:36","2"
"dqXbWo_Y3MQ","UgzLXFRddTzNNUU7Ept4AaABAg","Miền Bắc giờ ổn k, hay còn bão. Mong người miền Bắc k sao😢","08/09/2024 18:02","1"
"dqXbWo_Y3MQ","UgwxdsuqiISCZb5vEhx4AaABAg","câu mông cho tât cå chúng ta và các gđ khác đuoc bình yên❤❤❤❤❤❤","04/10/2024 19:42","1"
"dqXbWo_Y3MQ","UgweF7PHSKQEilFBhht4AaABAg","Ôi nó đã mạnh đến mức báo động rùi 😮😮😮😮😮
Nam mô a Di Đà Phật.
Hình như nó không còn cảnh cáo nữa mà đã hành động để răn dạy con người rùi 😢😢😢😢😢.
Nam mô bổn sư thích ca mâu Ni Phật","10/09/2024 17:25","2"
"dqXbWo_Y3MQ","UgyMzSEEJtapOt636YB4AaABAg","Tuyên Quang mn chờ bão mòn mỏi mà chỉ tý gió and tý mưa(mưa liên tục) và bây h thành phố của bọn tui nước sông lô dâng cao đến nổi ngập cả thành phố luôn rồi😅(ghim tui đi mà)","10/09/2024 21:38","1"
"dqXbWo_Y3MQ","UgzqU8kheK3k4x-P0AR4AaABAg","Bão đó bình thường chúng mình là 85 sao mà có bảo được Ninh Thuận mà chứ không phải ở đâu đâu","08/09/2024 17:25","3"
"dqXbWo_Y3MQ","UgwaGRpe2uOwfP60HHF4AaABAg","Báo đến nhà tui vào 2giờ 😔😔😥 tạm biệt bẩm tâm 😭😭😭","07/09/2024 19:54","2"
"dqXbWo_Y3MQ","Ugzhxg3znSrfg4EnpOZ4AaABAg","😂","09/09/2024 02:11","2"
"dqXbWo_Y3MQ","UgwR6BTYP4nuFgZJ-NB4AaABAg","Lạ lùng, bão tới mà nó cuoi như thỏa mãn, chắc cũng từng.. có bịnh...","11/09/2024 20:34","1"
"dqXbWo_Y3MQ","UgyGY4r-wAYmHwzvymZ4AaABAg","Mong các bạn ở miền trung và miền bắc được bình an qua cơn bão 
Nam mô A Di Đà Phật 🙏🙏🙏","08/09/2024 22:43","3"
"dqXbWo_Y3MQ","Ugy_3IhGkW-Y7F0yWJx4AaABAg","Như phim sinh tồn luôn á 😅😅","08/09/2024 19:15","1"
"dqXbWo_Y3MQ","UgykoFvQo5esWNe3iL54AaABAg","Nam Mô A Di Đà Phật con xin cho những chỗ bão đi qua sẽ bình an vô sự và tai qua nạn khỏi ❤❤","08/09/2024 14:08","3"
"dqXbWo_Y3MQ","UgwmIxCupmiYuvPUE1Z4AaABAg","TÔI đã từng sống qua thảm họa siêu bão Yagi nè","06/12/2025 22:36","1"
"dqXbWo_Y3MQ","UgwNBK2nexI4R0DueQd4AaABAg","Ae miền Nam: bão đâu nắng mà 💀🥶✋","09/09/2024 23:25","1"
"dqXbWo_Y3MQ","UgwhS7Wcy9sKc6l8wsp4AaABAg","Cầu xin trời Phật phù hộ cho mọi người được bình an 🙏🙏🙏","12/09/2024 00:27","1"
"dqXbWo_Y3MQ","UgzSSiUbUzze0h1m-f54AaABAg","Cầu xin thượng đế vô biên cho dân làng sớm được bình yên ! Nam mô cứu khổ cứu nạn quan thế âm Bồ tát 🙏🪷🙏🪷🙏🪷🙏🪷🙏🪷🙏🪷🙏🪷🙏🪷🙏🪷🙏🪷🙏🪷","11/09/2024 23:20","2"
"dqXbWo_Y3MQ","UgzaTvuOAs8nZ6TxYs94AaABAg","Đau lòng quá cầu mong mọi người được bình an","14/09/2024 09:35","1"
"dqXbWo_Y3MQ","UgxkYZeVsurZDr0tnb14AaABAg","Nam mô a Di Đà Phật chúc miền Trung và miền Bắc qua cơn bảo số 3 yari☺️cố lên ae miền Trung và miền Bắc ❤️ AE miền nam luôn ủng hộ cố lên nào💪hãy cố lên💪","09/09/2024 18:44","2"
"dqXbWo_Y3MQ","UgwIisjFUg4VGGfW4Qx4AaABAg","Xe điân việt nam kiểu tư tin đi ra chả bị gì cả 😂😂","13/09/2024 18:43","1"
"dqXbWo_Y3MQ","Ugz_BvJeWcqFaEraC1F4AaABAg","Mẹ nói bão yagi mà lấy hình china😂 
Và mình mn những bạn ở mình bắc mạnh khỏe nha😊❤","08/09/2024 21:47","1"
"dqXbWo_Y3MQ","UgxQLRTpEVtgVb3VyMZ4AaABAg","Nam mô a di đà Phật cho mọi người được bình an vô sự cho Hà Nội được bình an . Mong cho bão sẻ mau hết.","07/09/2024 19:00","33"
"dqXbWo_Y3MQ","UgzpKm-DqO1cbYYR85l4AaABAg","Sắp hẹo tới nơi mà coi bộ vui dữ","08/09/2024 07:30","1"
"dqXbWo_Y3MQ","UgxBNA8Z7vilLV5tjuN4AaABAg","🙏🙏🙏 cầu cho mọi người đều đc bình an","10/09/2024 08:19","1"
"dqXbWo_Y3MQ","UgxTx2O-c8MYF00Ln6l4AaABAg","Mong mọi người ở Việt Nam nam miền trung miền bắc và tất cả các nước dược bình an 🙏🙏🙏","11/09/2024 19:40","1"
"dqXbWo_Y3MQ","UgwAV4XPklZaCCsPysZ4AaABAg","Mấy con vật sẽ trông như thế nào 🐶🐱","09/09/2024 22:57","2"
"dqXbWo_Y3MQ","UgxvlLt6mxSCwM6i7AR4AaABAg","Ở thái nguyên bị ngợp rồi","09/09/2024 11:14","1"
"dqXbWo_Y3MQ","Ugz_CffIsdGEiq6u11t4AaABAg","Tai hại nhất là nhà làm bằng kính","16/09/2024 22:30","1"
"dqXbWo_Y3MQ","UgwpSJFpFEEiKuIdP4h4AaABAg","cầu mong Hà Nội bình an🙏","08/09/2024 06:15","2"
"dqXbWo_Y3MQ","UgzSeN0Pt6tpkNi1x0x4AaABAg","Cầu mong cho chúng sanh binh an nam mô adidaphat 🙏🙏🙏","13/09/2024 08:04","1"
"Ii7PN1MxYGg","UgyS_xWr3RNtUf15BGl4AaABAg","quá khủng khiếp","14/09/2025 16:30","2"
"Ii7PN1MxYGg","UgwaPF8jtW7i4T91fd54AaABAg","it's now? Yagi in 2024?","07/09/2024 12:41","9"
"Ii7PN1MxYGg","UgzumjP1eoFFh91Ct894AaABAg","A di đà phật ❤❤❤🙏🙏","09/09/2024 11:20","2"
"Ii7PN1MxYGg","UgziSioVnb5TsgYC6LN4AaABAg","Đó là sự nỗi đau 😢😢😢😢😢","20/10/2024 21:32","1"
"Ii7PN1MxYGg","Ugw0uaAyJO5zwInApll4AaABAg","NAM Mô A Di Đà Phật - MẸ THIÊN NHIÊN :( mog đừng bão lớn bên hải phòng ạ😢😢 mog hải phòg và Cô Tô hết bão an lành 😢😢😢❤","07/09/2024 17:43","2"
"Ii7PN1MxYGg","UgxsXNuPkczIGjZ9ESh4AaABAg","Adidaphat 
mong mọi người được an toàn","07/09/2024 12:41","1"
"Ii7PN1MxYGg","UgwVMFpoBNOLJWatajp4AaABAg","😢😢😢😢😢😢","08/10/2024 20:36","0"
"Ii7PN1MxYGg","Ugw3HYF5MuAlcuhUq_J4AaABAg","Mạnh thế","18/10/2024 20:54","1"
"Ii7PN1MxYGg","Ugyl1wjPzc6hY5n_j_54AaABAg","sự nổi giận của mẹ thiên nhiên","08/09/2024 20:08","2"
"eREkoElSDiI","Ugy6doSEQFzQK5qnHQB4AaABAg","Pisen - Không khen không được 
Pin sạc dự phòng Pisen: 
- Bảo hành 24 tháng. 
- Đầy đủ giấy chứng nhận chất lượng không lo cháy nổ. 
- Gói bảo hiểm 2tr đô. 
Website: https://pisenvietnam.vn/san-pham/sac-du-phong-71/","06/09/2024 21:01","32"
"eREkoElSDiI","Ugy7e_Mox0-QyQYdlzd4AaABAg","Vào đọc bình luận thấy đồng bào cả nước đoàn kết động viên nhau mà thấy ấm lòng quá
Hải Phòng cảm ơn những người ae cả nước nhé","07/09/2024 09:00","33"
"eREkoElSDiI","UgwntwuuMwROOBRyFTB4AaABAg","Mình là dân miền Nam, mình chúc bà con miền Bắc tránh bão an toàn, bình an đến với mọi người !","07/09/2024 00:36","57"
"eREkoElSDiI","Ugx9WEruPgVRWggapxR4AaABAg","Từ miền nam ,chúc bà con mình ngoài Bắc vượt qua cơn bão này bình an nhất .","06/09/2024 22:54","205"
"eREkoElSDiI","UgxfPK6JfTEqemF1IFJ4AaABAg","Mình miền đông nam Chúc mọi người miền Bắc mọi sự bình an. Hạn chế nhất về thiệt hại tài sản và con người","07/09/2024 03:09","28"
"eREkoElSDiI","Ugz5CkbAwtsj97o4GRl4AaABAg","Cố lên dân ta ơi. Bình an cho mọi người. Bình an cho các cán bộ chống bão...","06/09/2024 21:47","56"
"eREkoElSDiI","UgyM05eo5oDdBGj2_UN4AaABAg","Mình ở miền nam chúc cho đồng bào miền bắc vượt qua được cơn bão, nhà nhà bình an nhé, mong tin tốt từ bà con miền bắc ❤","07/09/2024 01:34","59"
"eREkoElSDiI","Ugy3l1mnJUFXfI3ok3l4AaABAg","Thay mặt người dân miền bắc xin được cảm ơn người dân cả nước đã quan tâm, động viên, chia sẽ với người dân miền bắc.","07/09/2024 14:21","7"
"eREkoElSDiI","UgxDgSalqIQxwKvhVFl4AaABAg","Cảm ơn các bạn thân yêu trên mọi miền đất nước đã động viên dân miền bắc chúng tôi . Chúng tôi luôn vững  vàng ,mọi việc sẽ bình an tốt đẹp.","07/09/2024 10:22","3"
"eREkoElSDiI","UgxjWdJEpkmRxjV894h4AaABAg","Từ Thành Phố Hồ Chí Minh gởi lời chúc bà con ngoài Bắc mình vượt qua cơn bão an toàn. Cầu mong thiệt hại ít nhất có thể ❤","07/09/2024 09:09","24"
"eREkoElSDiI","UgwQRnMFpVZboAI962J4AaABAg","Nghĩ đến lúa vừa trỗ bông mà gặp bão thế này thì khổ người nông dân quá","07/09/2024 05:36","4"
"eREkoElSDiI","UgwaWZY4aQ4615sWCCJ4AaABAg","Hay quá ủng hộ kênh 🇸🇪🇸🇪🇸🇪","08/09/2024 03:40","0"
"eREkoElSDiI","UgxNF_Ltz8KZyp9Jpp94AaABAg","Hải Phòng cảm ơn chân thành tới bà con cả nước nhất là những đồng bào miền nam.","07/09/2024 09:18","2"
"eREkoElSDiI","Ugx_55EkfqkMsRXVIDx4AaABAg","Từ tây Nguyên đầy nắng , đầy gió . Cầu mong sao cho mọi người ở vùng  trung tâm bão được bình an vô sự !","07/09/2024 08:25","2"
"eREkoElSDiI","UgxFs5El_bSDqycXsvV4AaABAg","Ngoài 1 số ít những người toxic ra thì dân mình đoàn kết mà thấy ấm lòng, cám ơn ae đồng bào miền Nam đã chia sẻ ,","07/09/2024 19:30","1"
"eREkoElSDiI","UgxsuviLWVZLD4imn8J4AaABAg","Cảm ơn tuấn. đã cho mình hiểu thêm về bão","06/09/2024 21:20","7"
"eREkoElSDiI","Ugyh1MbME3G4UZzrm6h4AaABAg","Chiều bão nháp phát mà hốt cả hền rồi. Thật thì chắc cũng bó tay. Sợ sợ và sợ😢","06/09/2024 21:22","16"
"eREkoElSDiI","UgzfVKBwCtdV_gvEnLx4AaABAg","Miền Trung cũng khổ. Mình vào Nam làm ăn ,cũng lo cho Quê miền Trung và Bắc. Chúc bà con mình kiên cường, qua bảo","07/09/2024 07:20","4"
"eREkoElSDiI","UgxicLyqewPImvoTYQh4AaABAg","Chúc đồng bào an toàn chống bão","07/09/2024 08:51","0"
"eREkoElSDiI","Ugw7JXADcZ6aJ5CwLJx4AaABAg","Cố lên nhé miền bắc","08/09/2024 08:48","0"
"eREkoElSDiI","UgyoD8IkimTLAWQJ2Gh4AaABAg","hay quá 👍👍👍","06/09/2024 22:02","1"
"eREkoElSDiI","UgyklF7x-YmZw-eaCUN4AaABAg","Cảm ơn em nhiều lắm ttt","07/09/2024 10:17","0"
"eREkoElSDiI","Ugz_-6_4NUypujWG-Ot4AaABAg","Mong tất cả tai qua nạn khỏi. Mong ae miền Bắc miền Trung ruột thịt tai qua nạn khỏ♥️♥️♥️","07/09/2024 00:27","1"
"eREkoElSDiI","Ugx-Oiq_gOMzKEDnuB14AaABAg","Mong đồng bào bình yên sau đợt bão này.
Cũng mong Tuấn có 1 video làm về trung thu ở Tuyên Quang.","06/09/2024 22:15","5"
"eREkoElSDiI","UgyGG_OzYEq-9lIWNeR4AaABAg","Tuấn nói đúng. Cân bằng hệ sinh thái","07/09/2024 16:07","0"
"eREkoElSDiI","UgyaCiBmYf6nBRzGGM14AaABAg","Thằng em phân tích rất đúng","07/09/2024 13:45","0"
"eREkoElSDiI","UgyztUlZXl_K-pYwGll4AaABAg","Chắc đêm nay bão mới về, mong mn được bình an vượt qua siêu bão🙏","06/09/2024 22:13","6"
"eREkoElSDiI","UgwRvt3sby0Ps5S8naR4AaABAg","Em chúc anh Tỉ thứ 6 cuối tuần siêu vui vẻ và hạnh phúc nhé 🥰🥰🥰","06/09/2024 21:11","4"
"eREkoElSDiI","Ugy6fj7tfzcOZxHPjO14AaABAg","Mọi người chỗ bão đi qua. Mong mọi người vượt qua nó an toàn","07/09/2024 16:40","0"
"eREkoElSDiI","UgxSzmUMGx64SzEYJ4J4AaABAg","❤😂🎉hay quá","06/09/2024 23:40","1"
"eREkoElSDiI","Ugwq20rEnp3ju1lbeZp4AaABAg","Phân tích hay lắm tuấn ơi","06/09/2024 21:17","2"
"eREkoElSDiI","UgzmuJejmOSgrO4vVl54AaABAg","Phân tích hay anh trai","07/09/2024 07:19","0"
"eREkoElSDiI","Ugz-RE1y4SD_32wOOUN4AaABAg","Nghe đồng bào miền Nam động viên an ủi đồng bào miền trung ,miền bắc vượt qua cơn siêu bão này mà thấy ấm lòng.Cảm ơn nhân dân cả Nước.","07/09/2024 10:33","1"
"eREkoElSDiI","Ugy1oXymHyeJXpbgROV4AaABAg","❤ tuấn tt  tuyệt vời giọng nói tròn trịa  nghe  hay","07/09/2024 10:52","0"
"eREkoElSDiI","Ugx8bb9IdLgHxtgJEcJ4AaABAg","Cảm ơn a Tuấn. Thông tin hữu ích. Giọng a nghe rất đã kkk","06/09/2024 23:13","0"
"eREkoElSDiI","UgxIe5rsyWrJJailw2B4AaABAg","Rât hay...nghe xong bản tin này phấn chấn hẳn..tự dưng lai có cảm tình với bão😂","07/09/2024 11:07","0"
"eREkoElSDiI","UgwjvXPKqlnnMUANcsl4AaABAg","Phan thiết ảnh hưởng cũng lụt luôn rồi 😢","06/09/2024 21:05","6"
"eREkoElSDiI","UgxLj6Dxi4YEycpVvi14AaABAg","Tác giả phân tích tuyệt vời quá
 cảm ơn tác giả","06/09/2024 23:58","1"
"eREkoElSDiI","UgxgM02-9_9EB4i0pmR4AaABAg","Hay","06/09/2024 21:31","0"
"eREkoElSDiI","UgwTmzRgjIdE3quZTSJ4AaABAg","Từ Phú Thọ mong tất cả bà con bình an","06/09/2024 22:41","0"
"eREkoElSDiI","UgxpJ7yVlOZaHupkTB54AaABAg","Miền Bác cố lên","07/09/2024 15:16","0"
"eREkoElSDiI","Ugx92IUkcDIXWvbcvRV4AaABAg","Một mặt tích cực của bão nữa là giúp con người có ý thức cần, kiệm, tích lũy để dành và xây dựng nhà kiên cố để chống chọi với bão.","07/09/2024 10:02","1"
"eREkoElSDiI","UgwOVX1GwS90svJYO794AaABAg","Hay ❤🎉","06/09/2024 21:58","0"
"eREkoElSDiI","Ugxvebx_qvSh93lF_xZ4AaABAg","Thích cách anh phân tích vấn đề","07/09/2024 07:39","0"
"eREkoElSDiI","UgykvwxO-kRBlqKEcCt4AaABAg","Mong bão qua nhanh , bà con an toàn 🙏","07/09/2024 13:08","0"
"eREkoElSDiI","UgyDYD90JleMMj1JleN4AaABAg","Trời bão thế này, thích nhất là cái cảm giác ngồi bên cửa sổ uống cốc trà xong ngắm bão, cái cảm giác ko tả nổi","07/09/2024 14:04","1"
"eREkoElSDiI","UgzlFiP5ce9ZJhhaV5J4AaABAg","Daklak chúc anh em miền Bắc bình an","07/09/2024 18:35","1"
"eREkoElSDiI","UgxBFokmgbmMhCwroEx4AaABAg","❤️❤️❤️","07/09/2024 11:11","0"
"eREkoElSDiI","Ugzq7q_1d_9us-08v-J4AaABAg","Hay quá cho anh này một sub❤❤❤","06/09/2024 22:41","0"
"eREkoElSDiI","Ugye_lMpZXbZG8Jg7SZ4AaABAg","yên bái tôi ko bão nhưng mưa đã gần 2 ngày ko tạnh,chúc tất cả mọi miền tổ quốc phòng chống bão an toàn,bình an....","09/09/2024 00:00","0"
"75CCX002_HU","Ugw3ToXvWbI3UhF35r94AaABAg","Cùng nhau đi qua giông bão cuộc đời. Bình yên được chút, thì đừng rời bỏ nhau nhaaaaa mấy fen! 
chúc các bạn luôn vững vàng vui vẻ, an toàn ở mọi lúc mọi nơi","13/09/2024 11:19","25"
"75CCX002_HU","UgyyJaCkFadsgLyLGjd4AaABAg","Hello chị Nhanh Trí","13/09/2024 22:19","0"
"75CCX002_HU","UgxluIvsZiCeSC4eE954AaABAg","❤❤❤","14/09/2024 11:24","0"
"75CCX002_HU","UgxTth7ZWh93lqRolzt4AaABAg","co khi do bac ho ve  xem coi xem co giub cho xa hoi","16/09/2024 20:23","0"
"75CCX002_HU","UgxSCs_N5ScDLm69GV14AaABAg","em like rồi","04/11/2025 20:41","0"
"75CCX002_HU","UgxtBK7jXhuxsV7nW_V4AaABAg","❤❤❤❤❤❤❤❤❤❤❤❤❤❤❤❤❤❤❤","17/09/2024 18:26","0"
"75CCX002_HU","UgzXiP2hCIiU_tfMO_F4AaABAg","chij nhanh tris cute","14/09/2024 10:04","0"
"75CCX002_HU","UgyNs2oUbfqy74QwqXB4AaABAg","Wow ❤❤❤❤❤❤❤❤❤","17/09/2024 22:26","0"
"75CCX002_HU","Ugy_5o7PZQel1dFqNGF4AaABAg","nhanh trí❤❤🎉🎉🎉❤❤","23/09/2024 11:43","0"
"75CCX002_HU","UgzaZYMH2oQXWIRc9Sl4AaABAg","Hi chị 😊😊😊❤❤❤❤","13/09/2024 12:06","2"
"75CCX002_HU","UgxuzS-IEGeEeP2fbY54AaABAg","Đáng sợ 😮","13/09/2024 11:59","1"
"75CCX002_HU","UgyyNAZidOgyb5DX5QZ4AaABAg","Nhìn thấy ghê quá đi mất 😱😱😱😱","14/09/2024 19:14","0"
"75CCX002_HU","Ugz8LFToyR5O5gnQ4bZ4AaABAg","Trí tưởng tượng phong phú","21/10/2024 21:15","0"
"75CCX002_HU","UgxF-bOOs000XRaLw_J4AaABAg","0:28 hình 2
1:46 bão Yagi
4:36 không
5:43 mây trên bầu trời
7:17 bầu trời màu tím
11:02 Cả 1,2 đều đúng
12:40 Do bão
14:04 cả 4","13/09/2024 11:13","5"
"75CCX002_HU","UgxkV7ta7Mv2CmO2Lk14AaABAg","Ghê quá chị ơi","14/09/2024 11:01","0"
"75CCX002_HU","UgwyKdyf1ljLKp4K99l4AaABAg","Tôi mới quyuên góp cho miền bắc nè","18/09/2024 13:27","0"
"75CCX002_HU","UgyvOt1-39lkNy2J3cJ4AaABAg","Tôi ở Hà Nội và TP Hải Phòng","12/10/2024 12:03","0"
"75CCX002_HU","UgzcdPnrAr_cU4iLSJR4AaABAg","ghê quá đi mất thôi","08/02/2025 13:32","0"
"75CCX002_HU","UgzMPpbnjqgdTeftaMV4AaABAg","hello nhanh tri","13/09/2024 11:27","1"
"75CCX002_HU","UgxJe7F7UeOpGvr9W_F4AaABAg","Quê em bão quá trời lun","14/09/2024 16:24","0"
"75CCX002_HU","Ugxw64VR-ncpG-wSYnt4AaABAg","Đoàn kết , quyết tâm là đc🎉🎉🎉🎉🎉🎉🎉🎉","28/02/2025 15:12","0"
"75CCX002_HU","UgwKjvRgCicPAim1GoV4AaABAg","Cj oi bão yagi tới vn r cj","25/09/2024 09:48","0"
"75CCX002_HU","UgwyXBs3-L9xnTR7cJN4AaABAg","Đúng Đúng","11/10/2024 11:56","0"
"75CCX002_HU","Ugwugbqpg7Qs0EYxcEd4AaABAg","Cũng kinh đấy","20/09/2024 21:01","0"
"75CCX002_HU","UgxUBgk-RcwHJW4JWfl4AaABAg","Có realple cùng yinxing cái từ realple sai nhà chị","08/11/2024 17:43","0"
"75CCX002_HU","UgwukbmEPApH3W19sFF4AaABAg","Chỗ em hên là nắng mấy nay chị ạ 😊","13/09/2024 11:11","1"
"75CCX002_HU","UgwfVsxdWFClE0LwbWV4AaABAg","😱😱😱😱😱😱","16/09/2024 12:55","0"
"75CCX002_HU","UgwxsmQfQpUjx-Rc6Np4AaABAg","hên em ở miền nam😮😮❤❤❤","16/09/2024 19:48","0"
"75CCX002_HU","UgygNv6cIuJpd2c0tYN4AaABAg","Cái nút mà vòng tròn đen vào Hà Nội kia mà Mình ở Hà Nội","03/11/2024 19:36","0"
"75CCX002_HU","UgzYa--BAhiaM83B9wV4AaABAg","Em sợ quá 😢😢😢😢😢😢😢😢😢😢😢😢😢😢😢😢😢😢😢😢😢😢😢😢😢😢😢😢😢😢😢😢😢😢😢😢😢😢😢😢😢😢 quá buồn quá","06/11/2024 21:46","0"
"75CCX002_HU","UgyxG0hzpHsldrmKbk94AaABAg","Gê đấy","20/09/2024 20:53","0"
"75CCX002_HU","UgxmLGYC-pkSrFZJd694AaABAg","Ôi Vừa đổ bộ xong😂😂😂😂😂😂😂😂","14/08/2025 13:35","0"
"75CCX002_HU","Ugx6gll1P8ETsGrsU0F4AaABAg","Ôi trời đáng sợ thật đấy 😰😰😰😰😰😰😰😰😰😰😰😰","15/09/2024 11:04","0"
"75CCX002_HU","UgyTieegPSa4CnaPr-J4AaABAg","em gặp mặt trăng máu tại kiêng giang","18/09/2024 11:39","0"
"75CCX002_HU","Ugz6DeCumAGNPR90cAJ4AaABAg","chị ơi 
em đã nhìn thấy 2 lần gặp mây cầu vồng 
thật đó","03/11/2024 17:17","0"
"75CCX002_HU","Ugy2YdhdkAA61u_fDsd4AaABAg","Bão wipha mới tan ghê hơn nữa","26/07/2025 15:05","0"
"75CCX002_HU","UgyieqT33P5O7-oJmcF4AaABAg","Có cả bão gener","13/10/2024 19:07","0"
"75CCX002_HU","Ugwpara9JJx5YCuYNl54AaABAg","Làm tiếp đi chị","04/10/2024 20:50","0"
"75CCX002_HU","UgzevJi_KBuo_X8mPAF4AaABAg","Em gặp quầng mặt trời","06/07/2025 16:03","0"
"75CCX002_HU","UgyMKdCcWuEvmmedTex4AaABAg","Nước em có mây sóng thần như vậy😢😢😢","13/09/2024 19:50","0"
"75CCX002_HU","UgzmiRxTT2lDxKzF2BB4AaABAg","Bão Yagi số 3","31/01/2025 14:48","1"
"75CCX002_HU","Ugxum9CSVdhhLCe8SqB4AaABAg","1:48","28/09/2024 21:05","0"
"75CCX002_HU","Ugz7uH-FMjNqQZwt4GV4AaABAg","Quỷ trên cây  cau đấy chị ạ","17/01/2025 10:40","0"
"75CCX002_HU","UgzVm48yMGUe6E6P1md4AaABAg","Tuy vậy nhưng mình còn ra ngoài mà ko bị làm sao😅","24/11/2024 22:50","0"
"75CCX002_HU","UgxeG583vl_YO1DIOf94AaABAg","Không biết những siêu bão cộng lại sẽ như thế nào nhỉ","29/09/2024 21:11","0"
"75CCX002_HU","UgyN4aA67Ihzk0sMIih4AaABAg","Tội nghiệp cho Việt Nam","02/10/2024 11:50","0"
"75CCX002_HU","Ugxw5D9FAJLaA6jbqd14AaABAg","Tôi mong đến thế kỷ 22 người ta sẽ làm máy hút bão","13/10/2024 14:30","1"
"75CCX002_HU","Ugwij-kR56_y2OUulD14AaABAg","2:22","18/09/2024 20:20","0"
"75CCX002_HU","UgyMb2YPtMr9jEORxg14AaABAg","Lúc dị tượng đo ở nhà tui hả","19/10/2024 07:34","0"
"75CCX002_HU","Ugz927Dkd2s1QGr6IUF4AaABAg","Lúc bão tới việt nam thì tui đang ở Mỹ nên ko thắm lắm😅","09/10/2024 14:24","0"
"A46FMePjzsg","Ugy_dFnLC7gbJKCTxf54AaABAg","Miền Bắc lâu rồi mới có 1 trận bão kinh khủng như này, thật là khủng khiếp.","11/09/2024 21:24","11"
"A46FMePjzsg","UgxIOCeCd6lKs6D18XF4AaABAg","mình là 1một trong số những  người chủ quan về cơn bão đợt này. Có lẽ vì các năm trước nếu có bão cũng không thấy thiệt hại quá nhiều hoặc khu mình ở năm đấy chưa thấy có thiệt hại gì đáng kể, cùng lắm là đổ vài cái cây. nhưng không ngờ năm nay thiệt hại lại nặng nề như vậy. cầu chúc cho những ai chịu ảnh hưởng bởi đợt bão lần này sẽ vượt qua được","11/09/2024 18:26","53"
"A46FMePjzsg","UgxLqXSP88dUxe9org94AaABAg","bão thì cũng đến rồi mưa gió lũ lụt sạt lở xảy ra rồi giờ là lúc tập trung khắc phục và gia cố.đặc biệt là chúc các a bộ đoiij và công an sức khoẻ vững chãi để giúp dân","11/09/2024 22:01","14"
"A46FMePjzsg","UgzWeezjsqJG7ZnxTvN4AaABAg","cái câu ""không có nghệ sĩ thì ai sẽ giúp dân"" chỉ cần sửa mỗi chữ ""nghệ"" thành chữ ""chiến"" thôi là chuẩn không cần chỉnh","11/09/2024 19:55","48"
"A46FMePjzsg","Ugy-tD1YbloioQpsKll4AaABAg","Người lính thời bình cũng gian nan vất vả,họ cũng phải hy sinh vì sự bình an của dân trong mưa bão.","11/09/2024 23:48","7"
"A46FMePjzsg","Ugx2p_YKzgi0NgQSvQ54AaABAg","Admin nên bổ sung cả nội dung là lực lượng Công an và Quân đội (nói chung là lực lượng vũ trang) nhé","12/09/2024 08:09","7"
"A46FMePjzsg","Ugxw9sD80ludufvJ3UZ4AaABAg","Bài viết đầy đủ áp dụng từ ngữ súc tích hợp lý cho từng hoàn cảnh thời gian và địa điểm cũng như tinh thần đoàn kiết gắn bó của quân và dân trên cả nước mà đó là truyền thống quý báu của quân và dân  Việt Nam ta đó còn là niềm tự hào của dân tộc ta tôi thật tự hào mình là người con đất Việt thân yêu","15/09/2024 07:46","4"
"A46FMePjzsg","UgzN9WD6N2SFwX0AVGh4AaABAg","Ghép hình Huy chém gió với tiếng chó sủa rất hay, rất chính xác.kkk","11/09/2024 21:01","6"
"A46FMePjzsg","UgybYjOH4tkCINdoZ7J4AaABAg","Kênh này nói rất chi tiết và đầy đủ về bão yagi","18/09/2024 10:11","0"
"A46FMePjzsg","UgwqlUAug8e1kEPeTMR4AaABAg","Tôi ở Bắc Ninh, đến hôm bão vào Bắc Ninh nó đã được cho là yếu hơn khi đánh vào Quảng Ninh, Hải Phòng. Mà nó vẫn quật đổ hàng chục cây cối, gốc to chắc thì nó cũng cho làm nghiêng thấy mặt đất sau đó nó làm đứt dây điện khiến điện mất gần 3 ngày. 😅

Kêu yếu thì chịu.","12/09/2024 00:55","7"
"A46FMePjzsg","UgwyMrM_Ku7w0w5UawZ4AaABAg","Hay hay hay cảm ơn video Việt Nam muôn năm.","12/09/2024 18:27","0"
"A46FMePjzsg","UgxFGE7O04DF_PCRSGF4AaABAg","Bài viết chi tiết, hay và sắc bén 👍","12/09/2024 08:00","1"
"A46FMePjzsg","UgwsrsEdMT5yCLQl2kt4AaABAg","Quá hay và đầy cảm xúc....","12/09/2024 11:54","0"
"A46FMePjzsg","Ugyux2mCtyC6e2-s9Xp4AaABAg","Nhìn thấy người dân khổ quá 😢😢😢😢😢😢😢😢😢😢😢😢😢😢😢😢😢","11/09/2024 20:58","4"
"A46FMePjzsg","UgybpdomPxosCLxVuyJ4AaABAg","Đoạn cuối hay quá","12/09/2024 09:55","1"
"A46FMePjzsg","UgwowIo4pwlAmYdHY0x4AaABAg","Bạn nói rất tuyệt vời!","11/09/2024 19:00","1"
"A46FMePjzsg","Ugxq6ogkNdNUY2AjAh54AaABAg","trong gian khó, quân đội vẫn là quan trọng nhất, hoan hô BTQP Phan Văn Giang","12/09/2024 01:21","2"
"A46FMePjzsg","Ugx5tQ2KIL_DIgDy5W94AaABAg","Chuẩn luôn","11/09/2024 20:27","0"
"A46FMePjzsg","UgzyBAUsoF5ynmscx1R4AaABAg","Xem những hình ảnh bộ đội cụ hồ mà nghẹn ngào","14/09/2024 19:20","0"
"A46FMePjzsg","UgySVuVrwi_pUVb_D0J4AaABAg","Quả lồng tiếng uy tín đấy ❤❤","11/09/2024 21:33","4"
"A46FMePjzsg","UgxMyeqPkImdnMFuwF94AaABAg","Thật sự đáng sợ, mong rằng đồng bào miền bắc sớm vượt qua khó khăn lúc này","11/09/2024 20:02","13"
"A46FMePjzsg","UgweymVQl3XmdL0wOOh4AaABAg","16:08 đoạn này hay nè ad 😂","11/09/2024 21:10","4"
"A46FMePjzsg","UgyQSZ8H6VmQ6z_yHCt4AaABAg","❤❤❤❤❤❤","11/09/2024 22:57","0"
"A46FMePjzsg","UgyfWLFumsd0YJ1vzp54AaABAg","Like thứ 300 nè❤","11/09/2024 19:19","0"
"A46FMePjzsg","UgwsJeNhqt8VRvQJMyR4AaABAg","❤","11/09/2024 20:32","0"
"A46FMePjzsg","UgzLpWYk3pNv1plak-x4AaABAg","Nhà mình đúng tâm bão , cây cối đổ hết đổ cả vào nhà , dọn dẹp đứt hơi , bão mạnh thật , muốn bay nóc nhà luôn","12/09/2024 12:21","1"
"A46FMePjzsg","Ugy8wvAlYWlO580Fy0F4AaABAg","Tự nhiên tới đoạn nói nghệ sĩ có tiếng gâu gâu hay ah","11/09/2024 21:19","3"
"A46FMePjzsg","UgwW7GdOEscWC_rkXDd4AaABAg","✌️🇻🇳❤️✌️","11/09/2024 18:38","0"
"A46FMePjzsg","UgzVK9NLXFbTADzb_B14AaABAg","quá khủng khiếp","12/09/2024 05:44","0"
"A46FMePjzsg","Ugx5iRK-40zZWj2Wz8x4AaABAg","căng","11/09/2024 19:53","0"
"A46FMePjzsg","UgydGnGXw9L9X_0FuAp4AaABAg","Xin góp ý một chút, hôm trước báo vnexpress cũng có bài viết về Quân đội giúp dân chống bão, trong bài viết xuất hiện rất nhiều hình ảnh lực lượng CAND giúp dân, nhưng tiêu đề thì không hề nhắc đến. Nay xem video này cũng vậy? Tại sao không là ""Lực lượng vũ trang giúp đỡ nhân dân chống bão""? CAND và QĐND trong những đợt thiên tai, bão lũ đều là nòng cốt đi đầu. Mỗi lực lượng có nhiệm vụ khác nhau, QĐ đặc thù có nhiều phương tiện như tàu, xe đặc chủng, cano.... Nên đương nhiên chiếm sóng vs hightlight nhiều hơn nhưng CAND họ đâu có ngồi yên? Huy động toàn lực lượng, các đơn vị trực 100% quân số, Công an xã cấp cơ sở cùng dân quân tự vệ tại các tỉnh phía bắc cũng dầm mình trong nước sơ tán người dân, di dời tài sản cho nhân dân. Việc họ làm nhân dân sẽ ghi nhận, lên các trang thông tin hay không không quá quan trọng. Nhưng những video, bài viết như thế này liệu có là cơ hội cho 1 số thành phần cơ hội nhảy vào chê bai, kích động hay không??? Đó là điều cần suy nghĩ","12/09/2024 08:00","8"
"A46FMePjzsg","UgzdX-AFW3M6CNvawut4AaABAg","Gáy khét quá :))","11/09/2024 20:59","0"
"A46FMePjzsg","UgzYblaDjtWP66pvs3l4AaABAg","Kênh Khám phá đáng xem. Cảm ơn.","15/09/2024 16:58","0"
"A46FMePjzsg","Ugwg1_L7vbUZpeOMK-p4AaABAg","Từng nghe đc câu nói: Khi ta ngủ thì họ thức, khi ta thức thì có lẽ họ đã hi sinh. Cảm ơn các anh, các anh hùng trong thời bình ❤","11/09/2024 20:34","32"
"A46FMePjzsg","Ugxar-RGNFMAYaETtjd4AaABAg","Lực lượng vũ trang ❤","12/09/2024 08:41","0"
"A46FMePjzsg","UgyWsO0DyusMyefynB94AaABAg","Quá mạnh và sống dai","18/09/2024 21:42","0"
"A46FMePjzsg","UgwQx6rxudSwMR2sRcd4AaABAg","mình mong các bạn làm nội dung kênh cứ đi trải nghiệm roi moi viet nó thật kinh khun","11/09/2024 21:52","0"
"A46FMePjzsg","Ugzt9lmFbCNd8M301Ip4AaABAg","Mới hôm 2/9 còn đc đi thăm quan Bảo tàng quảng Ninh với quảng trường gần đấy mà bâyh đã nát thế này r 😢😢","12/09/2024 11:56","0"
"A46FMePjzsg","UgwiPHxmnzvoMaBSyJ54AaABAg","Kết câu video của kênh","11/09/2024 18:47","1"
"A46FMePjzsg","UgyUsfuJTSgR6OBgHw14AaABAg","❤❤❤❤❤❤🎉🎉🎉🎉🎉🎉","12/09/2024 01:48","0"
"A46FMePjzsg","Ugx72SzX1UvWUPEJMBV4AaABAg","Đang nằm nghe phê phê ad ghép tiếng chó làm mấy em ki nhà mình hùa theo tỉnh cmn giấc mộng đẹp 😂😂😂","11/09/2024 18:28","19"
"A46FMePjzsg","Ugz3kYtlSPG51jC0Toh4AaABAg","Đang có tý mây, bắn cho mấy quả pháo gây mưa, trong lúc ấy tích nước thuỷ điện, bão vào thì xả luôn 1 thể. Nam thuỷ bắc điều. Combo kế hoạch ấy, chuẩn bị vài trăm tàu chiến, đẩy quân ra đảo lúc đối phương bận lo bão... hehe....😢","11/09/2024 21:22","0"
"A46FMePjzsg","Ugwftee5xH9ydxbrrrx4AaABAg","Nam mo a di da phat 😂","11/09/2024 22:41","0"
"A46FMePjzsg","UgynApENPghMoJQgmwp4AaABAg","Quân đội NDVN tuyệt vời!
Nhưng chưa thấy ad nhắc đến vai trò rất quan trọng của lực lượng Công an nhân dân trước trong và sau cơn bão. Thiếu sót đấy!","15/09/2024 20:05","0"
"A46FMePjzsg","Ugw5Et0-b3eMbaOpAHh4AaABAg","năm nay ở việt nam lại có động đất","12/09/2024 21:55","0"
"A46FMePjzsg","UgzVsoAAWbn2VWJ4eYZ4AaABAg","Thực ra giờ ai cứu dân cũng đều đc cả, mỗi người san sẻ cái khó của nhau.","12/09/2024 00:50","0"
"A46FMePjzsg","UgzoT5rvN7uRQshFLVB4AaABAg","Tận thế gần kề toàn cầu đều bị","15/09/2024 22:41","0"
"A46FMePjzsg","UgypNCnAkUqUDd6jp-l4AaABAg","Ũa sao có hình anh Huy vậy Ad 😂😂😂","11/09/2024 20:44","0"
"A46FMePjzsg","UgzhX0sEdjI2HfR4hll4AaABAg","🇻🇳🇻🇳🇻🇳💖💖💖!","12/09/2024 10:01","0"
"A46FMePjzsg","Ugye72N_D4TQGO63PFl4AaABAg","❤❤❤❤ đi ho tro người dân mà còn like tream để cau view cho noi tiếng hơn ❤❤❤❤","17/09/2024 06:36","0"
