"postId","text","publishedAt","source","authorId","engagementCount"
"4790511","Trắng tay sau bão Yagi. Quảng NinhMột ngày sau bão Yagi, gia đình anh Vũ Văn Diễn vẫn sống trong cảnh màn trời chiếu đất, đồ đạc hư hỏng hết, phải bắt đầu từ con số 0.. Anh Diễn, 35 tuổi cùng vợ Nguyễn Thị Chi, 35 tuổi là một trong số hàng trăm hộ dân bị thiệt hại nặng sau khi bão Yagi đổ bộ vào Quảng Ninh trưa 7/9. Hai ngày trước bão, vợ chồng anh Diễn nhiều lần gọi điện dặn gia đình ở quê Nam Định phải chằng chống nhà cửa bằng bao cát, chuẩn bị lương khô, sạc điện thoại. Với ngôi cấp bốn rộng 120 m2 đang thuê ở và bán hàng, anh mua hàng chục cuộn dây thừng giằng buộc mái tôn với các cột kèo, tránh bão giật tung. Các cây xanh trước cửa nhà cũng được anh Diễn cắt tỉa bớt cành để giảm gánh nặng. Sáng 7/9, khi bão cách đất liền hơn 100 km, trời đổ mưa nặng hạt, không ai dám ra ngoài nên anh đóng cửa không nhận khách. Ngôi nhà của anh Diễn bị bão thổi bay mái. Ảnh: Phạm Dự 11h30 ngày 7/9, anh Diễn nghe tiếng gió rít liên hồi, mưa dội xuống mái tôn kêu vang trời. Hé cửa vừa lọt một mắt nhìn ra ngoài, anh thấy trời tối sầm, biển quảng cáo, cành cây bay khắp nơi. Chưa kịp khép lại, gió đã quật cửa mở toang. Vợ chồng anh Diễn và con trai lớn phải hò nhau giữ hai cánh cửa để chốt trong. Trời đang mưa to thì ngớt, gió ngừng rít. Anh Diễn nhớ lời dặn của cụ già trong khu phố 'trước trận cuồng phong trời thường trở lặng'. Lập tức cả gia đình kéo nhau vào phòng kho phía sau trú ẩn. Vài phút sau, gió xoáy ập đến, mái tôn bị giật tung và thổi bay ra sân sau. 'Vợ và ba đứa con khóc thét, chân tay run lẩy bẩy', anh Diễn kể lại. Dù rất sợ, anh trấn an cả nhà, choàng tay ôm bốn mẹ con lùi vào nhà tắm ẩn nấp. Gió gào thét, mưa xối xả dội xuống liên tục hơn 2 tiếng, cả nhà anh Diễn chỉ dám rời nhà tắm cho tới khi cảm nhận gió nam xuất hiện. Người dân kể lại khoảnh khắc gió bão giật tung mái, phải trú trong nhà tắm. Video: Huy Mạnh Ngôi nhà vợ chồng Diễn thuê rộng chừng 120 m2, ở mặt quốc lộ 18, phường Quang Hanh, TP Cẩm Phả. Toàn bộ tầng 1 dùng để bán cơm rang, phở bò. Gác lửng bên trên anh cải tạo thành hình chữ L, rộng khoảng 20 m2, cao 1,5 m để làm phòng học cho ba con và chỗ ngủ của cả nhà. Bão đi qua, mái tôn bị thổi bay, ngôi nhà cấp 4 trống hoác hứng trọn nắng mưa. Toàn bộ sách vở, đồ dùng học tập của ba con ướt nhèm, rách tươm. Hoài Anh, 8 tuổi, con gái út của anh Diễn cả ngày rầu rĩ, tiếc bộ sách giáo khoa mới dùng được hai ngày. Hai bài tập cô giáo giao, em làm cả tối cũng bị gió thổi bay. Hai anh 11 và 14 tuổi cũng không biết lấy sách vở gì để bắt đầu tuần học mới. Anh Diễn nhẩm tính thiệt hại khoảng 150 triệu đồng. 'Quán ăn, cần câu cơm duy nhất của gia đình, phải đóng cửa trong lúc chờ sửa chữa. Đồ đạc sinh hoạt, kinh doanh cũng phải sắm lại từ đầu để tiếp tục cuộc sống', anh nói. Cách nhà anh Diễn gần 2 km, hàng chục hộ dân ở phường Cẩm Sơn, TP Cẩm Phả cũng tan hoang sau bão. Hầu hết nhà bị bay tấm tôn, cong cửa, gãy cây. Anh Trần Phi Công, trú phường Cẩm Sơn, kể trước khi bão đổ bộ đã dành hơn nửa ngày dọn dẹp phòng chống bão. Lạc quan bởi ngôi nhà của gia đình từng đứng vững qua bao mùa gió bão nên anh chỉ cắt tỉa cành cây lớn quanh nhà, cất hoặc vứt bỏ bìa tôn, sắt vụn cùng những vật dụng dễ bị gió thổi bay. Anh Trần Phi Công đang dọn dẹp lại ngôi nhà sau bão. Ảnh: Giang Huy Nhưng ngoài dự tính, trưa 7/9 bão đổ bộ khiến mái tôn cứ phập phồng sắp bung, cửa rung lắc bần bật. Anh Công vội thu dọn bớt điện thoại di động ở buồng ngoài, nơi dùng để kinh doanh, sửa chữa điện thoại. Song chưa thu được bao nhiêu thì gió xoáy ập đến, thổi bay mái tôn. 'Lúc đó tôi đứng trong góc nhà, nghe tiếng động mạnh nên ngước nhìn lên thì thấy mái tôn đang văng ra xa. Chạy nép vào góc tường trong cùng, tôi vẫn bị mảnh sắt bay cứa đứt tay', anh Công nhớ lại. Mái nhà anh Công trước lợp ngói, kết cấu khung sắt. Một năm trước, do ngói cũ kỹ nên anh chi hơn 150 triệu đồng bắn tôn lạnh. Sau khi mái tôn bị cuốn đi, các trận gió liên tiếp khiến đồ đạc trong nhà anh vỡ vụn. Màn hình tivi, máy vi tính để bàn vỡ làm đôi, ba chiếc xe máy đổ bẹp đè lên nhau. Quần áo bị gió cuốn. 'Bao năm tích cóp sắm sửa được ít đồ đạc, giờ tôi thành tay trắng. Buồn hơn cả là quần áo mới cùng các bộ sách vở, cặp sách, đồ dùng học tập mới tinh của ba đứa con bị rách tươm', anh Công nói. Không chỉ TP Cẩm Phả, TP Hạ Long cũng thiệt hại nặng nề do bão Yagi. Toàn bộ cửa hàng kinh doanh nhà hàng, cà phê, đồ lưu niệm ở dãy nhà liền kề thuộc khu ẩm thực phố Cổ, sát công viên Hạ Long, bị gió quật đổ, trơ khung thép. Một ngày khi bão đi qua, toàn khu phố vẫn tan hoang. Khu phố Cổ, sát công viên Hạ Long, tan hoang sau bão. Ảnh: Giang Huy Chiều 8/9, vợ chồng ông Vũ Văn Lương, 60 tuổi, cùng 14 nhân viên tất bật bới từng ngóc ngách trong nhà hàng hải sản của gia đình ở đường ven biển Hạ Long để tìm lại đồ còn giá trị sử dụng. Ông đã đầu tư nhà hàng từ 9 tháng trước với tổng giá trị hơn 2 tỷ đồng. Nhà hàng rộng 700 m2, sức chứa 300 khách một lúc và có 14 nhân viên làm việc thường xuyên. Song bão đã thổi bay toàn bộ phần mái, biển hiệu, khiến nhiều đồ đạc có giá hư hỏng. 'Chiều nay tôi đã gọi nhân viên đến xin lỗi, tình thế buộc phải cho tất cả nghỉ việc. Đau lòng lắm, đi hết cơ nghiệp, phải làm lại từ đầu, 14 con người bỗng thất nghiệp mà không biết phải làm sao', ông Lương nói. Sống vài chục năm ở vùng ven biển Hạ Long, ông Long nói chưa từng chứng kiến cơn bão nào khủng khiếp đến thế. Bình thường bão đổ bộ Quảng Ninh chỉ khoảng 1-2 tiếng là sang địa phương khác hoặc suy yếu, nhưng lần này càn quét suốt từ 12h đến 18h với sức gió cực mạnh (cấp 11-13) mới sang đến Hải Dương. UBND tỉnh Quảng Ninh thống kê đến chiều 8/9 có 5 người chết, 157 người bị thương, 19.500 nhà bị tốc mái, 21 phương tiện vận tải thủy, 23 tàu du lịch, 41 tàu cá bị chìm, trôi dạt, hơn 1.297 cột điện bị gãy, 70% cây xanh bị gãy đổ. Hơn 1.100 lồng bè nuôi thủy sản bị chìm hoặc cuốn trôi. Phạm Dự","9/9/2024 01:21","VnExpress","VnExpress","0"
"4790511","Trắng tay sau bão Yagi. Quảng NinhMột ngày sau bão Yagi, gia đình anh Vũ Văn Diễn vẫn sống trong cảnh màn trời chiếu đất, đồ đạc hư hỏng hết, phải bắt đầu từ con số 0.. Anh Diễn, 35 tuổi cùng vợ Nguyễn Thị Chi, 35 tuổi là một trong số hàng trăm hộ dân bị thiệt hại nặng sau khi bão Yagi đổ bộ vào Quảng Ninh trưa 7/9. Hai ngày trước bão, vợ chồng anh Diễn nhiều lần gọi điện dặn gia đình ở quê Nam Định phải chằng chống nhà cửa bằng bao cát, chuẩn bị lương khô, sạc điện thoại. Với ngôi cấp bốn rộng 120 m2 đang thuê ở và bán hàng, anh mua hàng chục cuộn dây thừng giằng buộc mái tôn với các cột kèo, tránh bão giật tung. Các cây xanh trước cửa nhà cũng được anh Diễn cắt tỉa bớt cành để giảm gánh nặng. Sáng 7/9, khi bão cách đất liền hơn 100 km, trời đổ mưa nặng hạt, không ai dám ra ngoài nên anh đóng cửa không nhận khách. Ngôi nhà của anh Diễn bị bão thổi bay mái. Ảnh: Phạm Dự 11h30 ngày 7/9, anh Diễn nghe tiếng gió rít liên hồi, mưa dội xuống mái tôn kêu vang trời. Hé cửa vừa lọt một mắt nhìn ra ngoài, anh thấy trời tối sầm, biển quảng cáo, cành cây bay khắp nơi. Chưa kịp khép lại, gió đã quật cửa mở toang. Vợ chồng anh Diễn và con trai lớn phải hò nhau giữ hai cánh cửa để chốt trong. Trời đang mưa to thì ngớt, gió ngừng rít. Anh Diễn nhớ lời dặn của cụ già trong khu phố 'trước trận cuồng phong trời thường trở lặng'. Lập tức cả gia đình kéo nhau vào phòng kho phía sau trú ẩn. Vài phút sau, gió xoáy ập đến, mái tôn bị giật tung và thổi bay ra sân sau. 'Vợ và ba đứa con khóc thét, chân tay run lẩy bẩy', anh Diễn kể lại. Dù rất sợ, anh trấn an cả nhà, choàng tay ôm bốn mẹ con lùi vào nhà tắm ẩn nấp. Gió gào thét, mưa xối xả dội xuống liên tục hơn 2 tiếng, cả nhà anh Diễn chỉ dám rời nhà tắm cho tới khi cảm nhận gió nam xuất hiện. Người dân kể lại khoảnh khắc gió bão giật tung mái, phải trú trong nhà tắm. Video: Huy Mạnh Ngôi nhà vợ chồng Diễn thuê rộng chừng 120 m2, ở mặt quốc lộ 18, phường Quang Hanh, TP Cẩm Phả. Toàn bộ tầng 1 dùng để bán cơm rang, phở bò. Gác lửng bên trên anh cải tạo thành hình chữ L, rộng khoảng 20 m2, cao 1,5 m để làm phòng học cho ba con và chỗ ngủ của cả nhà. Bão đi qua, mái tôn bị thổi bay, ngôi nhà cấp 4 trống hoác hứng trọn nắng mưa. Toàn bộ sách vở, đồ dùng học tập của ba con ướt nhèm, rách tươm. Hoài Anh, 8 tuổi, con gái út của anh Diễn cả ngày rầu rĩ, tiếc bộ sách giáo khoa mới dùng được hai ngày. Hai bài tập cô giáo giao, em làm cả tối cũng bị gió thổi bay. Hai anh 11 và 14 tuổi cũng không biết lấy sách vở gì để bắt đầu tuần học mới. Anh Diễn nhẩm tính thiệt hại khoảng 150 triệu đồng. 'Quán ăn, cần câu cơm duy nhất của gia đình, phải đóng cửa trong lúc chờ sửa chữa. Đồ đạc sinh hoạt, kinh doanh cũng phải sắm lại từ đầu để tiếp tục cuộc sống', anh nói. Cách nhà anh Diễn gần 2 km, hàng chục hộ dân ở phường Cẩm Sơn, TP Cẩm Phả cũng tan hoang sau bão. Hầu hết nhà bị bay tấm tôn, cong cửa, gãy cây. Anh Trần Phi Công, trú phường Cẩm Sơn, kể trước khi bão đổ bộ đã dành hơn nửa ngày dọn dẹp phòng chống bão. Lạc quan bởi ngôi nhà của gia đình từng đứng vững qua bao mùa gió bão nên anh chỉ cắt tỉa cành cây lớn quanh nhà, cất hoặc vứt bỏ bìa tôn, sắt vụn cùng những vật dụng dễ bị gió thổi bay. Anh Trần Phi Công đang dọn dẹp lại ngôi nhà sau bão. Ảnh: Giang Huy Nhưng ngoài dự tính, trưa 7/9 bão đổ bộ khiến mái tôn cứ phập phồng sắp bung, cửa rung lắc bần bật. Anh Công vội thu dọn bớt điện thoại di động ở buồng ngoài, nơi dùng để kinh doanh, sửa chữa điện thoại. Song chưa thu được bao nhiêu thì gió xoáy ập đến, thổi bay mái tôn. 'Lúc đó tôi đứng trong góc nhà, nghe tiếng động mạnh nên ngước nhìn lên thì thấy mái tôn đang văng ra xa. Chạy nép vào góc tường trong cùng, tôi vẫn bị mảnh sắt bay cứa đứt tay', anh Công nhớ lại. Mái nhà anh Công trước lợp ngói, kết cấu khung sắt. Một năm trước, do ngói cũ kỹ nên anh chi hơn 150 triệu đồng bắn tôn lạnh. Sau khi mái tôn bị cuốn đi, các trận gió liên tiếp khiến đồ đạc trong nhà anh vỡ vụn. Màn hình tivi, máy vi tính để bàn vỡ làm đôi, ba chiếc xe máy đổ bẹp đè lên nhau. Quần áo bị gió cuốn. 'Bao năm tích cóp sắm sửa được ít đồ đạc, giờ tôi thành tay trắng. Buồn hơn cả là quần áo mới cùng các bộ sách vở, cặp sách, đồ dùng học tập mới tinh của ba đứa con bị rách tươm', anh Công nói. Không chỉ TP Cẩm Phả, TP Hạ Long cũng thiệt hại nặng nề do bão Yagi. Toàn bộ cửa hàng kinh doanh nhà hàng, cà phê, đồ lưu niệm ở dãy nhà liền kề thuộc khu ẩm thực phố Cổ, sát công viên Hạ Long, bị gió quật đổ, trơ khung thép. Một ngày khi bão đi qua, toàn khu phố vẫn tan hoang. Khu phố Cổ, sát công viên Hạ Long, tan hoang sau bão. Ảnh: Giang Huy Chiều 8/9, vợ chồng ông Vũ Văn Lương, 60 tuổi, cùng 14 nhân viên tất bật bới từng ngóc ngách trong nhà hàng hải sản của gia đình ở đường ven biển Hạ Long để tìm lại đồ còn giá trị sử dụng. Ông đã đầu tư nhà hàng từ 9 tháng trước với tổng giá trị hơn 2 tỷ đồng. Nhà hàng rộng 700 m2, sức chứa 300 khách một lúc và có 14 nhân viên làm việc thường xuyên. Song bão đã thổi bay toàn bộ phần mái, biển hiệu, khiến nhiều đồ đạc có giá hư hỏng. 'Chiều nay tôi đã gọi nhân viên đến xin lỗi, tình thế buộc phải cho tất cả nghỉ việc. Đau lòng lắm, đi hết cơ nghiệp, phải làm lại từ đầu, 14 con người bỗng thất nghiệp mà không biết phải làm sao', ông Lương nói. Sống vài chục năm ở vùng ven biển Hạ Long, ông Long nói chưa từng chứng kiến cơn bão nào khủng khiếp đến thế. Bình thường bão đổ bộ Quảng Ninh chỉ khoảng 1-2 tiếng là sang địa phương khác hoặc suy yếu, nhưng lần này càn quét suốt từ 12h đến 18h với sức gió cực mạnh (cấp 11-13) mới sang đến Hải Dương. UBND tỉnh Quảng Ninh thống kê đến chiều 8/9 có 5 người chết, 157 người bị thương, 19.500 nhà bị tốc mái, 21 phương tiện vận tải thủy, 23 tàu du lịch, 41 tàu cá bị chìm, trôi dạt, hơn 1.297 cột điện bị gãy, 70% cây xanh bị gãy đổ. Hơn 1.100 lồng bè nuôi thủy sản bị chìm hoặc cuốn trôi. Phạm Dự","9/9/2024 01:21","VnExpress","VnExpress","0"
"4790233","Tan hoang vì bão Yagi. . TP Hải Phòng ngổn ngang sau khi bão Yagi quét qua. Cần cẩu ở công trường trên đường Hồng Bàng, quận Hồng Bàng bị gãy đổ, trưa 7/9. Ảnh: Lê Tân TP Hải Phòng ngổn ngang sau khi bão Yagi quét qua. Cần cẩu ở công trường trên đường Hồng Bàng, quận Hồng Bàng bị gãy đổ, trưa 7/9. Ảnh: Lê Tân Cây đổ làm sập một phần bức tường bao cảng Hải Phòng, đoạn qua đường Lê Thánh Tông, quận Ngô Quyền. Ảnh: Lê Tân Cây đổ làm sập một phần bức tường bao cảng Hải Phòng, đoạn qua đường Lê Thánh Tông, quận Ngô Quyền. Ảnh: Lê Tân Đường Lê Thánh Tông, quận Ngô Quyền, ngổn ngang sau gần 10 tiếng mưa gió mạnh. Ảnh: Lê Tân Đường Lê Thánh Tông, quận Ngô Quyền, ngổn ngang sau gần 10 tiếng mưa gió mạnh. Ảnh: Lê Tân Khoảng 50% cây xanh trên các tuyến đường trung tâm thành phố như Lê Thánh Tông, Trần Phú, Điện Biên Phủ, Hoàng Diệu, Trần Hưng Đạo... bị gãy đổ khiến giao thông bị chia cắt. Ảnh: Lê Tân Khoảng 50% cây xanh trên các tuyến đường trung tâm thành phố như Lê Thánh Tông, Trần Phú, Điện Biên Phủ, Hoàng Diệu, Trần Hưng Đạo... bị gãy đổ khiến giao thông bị chia cắt. Ảnh: Lê Tân Rào chắn bằng tấm tôn bị quật đổ trong cảng Hoàng Diệu, Hải Phòng. Ảnh: Lê Tân Rào chắn bằng tấm tôn bị quật đổ trong cảng Hoàng Diệu, Hải Phòng. Ảnh: Lê Tân Quảng Ninh cũng gánh nhiều thiệt hại do bão. Những tấm tôn bay đè lên thuyền tránh bão bên cảng Cái Rồng, huyện Vân Đồn, khiến người dân phải đội mưa dọn dẹp. Ảnh: Giang Huy Quảng Ninh cũng gánh nhiều thiệt hại do bão. Những tấm tôn bay đè lên thuyền tránh bão bên cảng Cái Rồng, huyện Vân Đồn, khiến người dân phải đội mưa dọn dẹp. Ảnh: Giang Huy Khắp huyện Vân Đồn tan hoang khi những tấm tôn, biển báo đổ sập. Người dân tranh thủ lúc ngớt mưa ra ngoài dọn dẹp. Ảnh: Phạm Dự Khắp huyện Vân Đồn tan hoang khi những tấm tôn, biển báo đổ sập. Người dân tranh thủ lúc ngớt mưa ra ngoài dọn dẹp. Ảnh: Phạm Dự Cây ven đường bị thổi nghiêng, lật gốc, gãy cành khi bão Yagi đổ bộ đầu giờ chiều. Ảnh: Phạm Dự Cây ven đường bị thổi nghiêng, lật gốc, gãy cành khi bão Yagi đổ bộ đầu giờ chiều. Ảnh: Phạm Dự Nằm cách xa tâm bão nhưng Hà Nội gió lốc từng cơn từ buổi sáng. Đến đầu giờ chiều tốc độ gió tăng lên, giật dữ dội, thổi bay mái tôn nhà xưởng Công ty giày ở Thượng Đình, Thanh Xuân, Hà Nội. Ảnh cắt từ clip. Nằm cách xa tâm bão nhưng Hà Nội gió lốc từng cơn từ buổi sáng. Đến đầu giờ chiều tốc độ gió tăng lên, giật dữ dội, thổi bay mái tôn nhà xưởng Công ty giày ở Thượng Đình, Thanh Xuân, Hà Nội. Ảnh cắt từ clip. Cây đổ chắn ngang đường Hoàng Quốc Việt, quận Cầu Giấy khiến giao thông tê liệt. Cây đổ chắn ngang đường Hoàng Quốc Việt, quận Cầu Giấy khiến giao thông tê liệt. Cây cổ thụ gãy đổ trên đường Hoàng Quốc Việt đè bẹp một ôtô đang đậu. Cây cổ thụ gãy đổ trên đường Hoàng Quốc Việt đè bẹp một ôtô đang đậu. Gió mạnh làm đổ nhiều gốc cây cổ thụ trên đường Nguyễn Huy Tưởng, quận Thanh Xuân. Thân cây và tán của cây chiếm hết phần đường khiến phương tiện không thể di chuyển. Ảnh: Hoàng Giang Gió mạnh làm đổ nhiều gốc cây cổ thụ trên đường Nguyễn Huy Tưởng, quận Thanh Xuân. Thân cây và tán của cây chiếm hết phần đường khiến phương tiện không thể di chuyển. Ảnh: Hoàng Giang Lực lượng chức năng kết hợp với Công ty cây xanh liên tục trực dọn dẹp cây đổ trên đường phố Trần Quốc Hoàn, quận Cầu Giấy. Ảnh: Duy Anh Lực lượng chức năng kết hợp với Công ty cây xanh liên tục trực dọn dẹp cây đổ trên đường phố Trần Quốc Hoàn, quận Cầu Giấy. Ảnh: Duy Anh Nhiều hàng quán tạm trên trên vỉa hè đường Lê Văn Lương (quận Thanh Xuân) bị gió bão xé toang mái, bạt. Ảnh: Hoàng Giang Nhiều hàng quán tạm trên trên vỉa hè đường Lê Văn Lương (quận Thanh Xuân) bị gió bão xé toang mái, bạt. Ảnh: Hoàng Giang Nhiều cây si dưới chân toà chung cư trên mặt đường 70 phường Yên Xá, huyện Thanh Trì bị bật gốc, gãy đổ la liệt. Ảnh: Lê Hiếu Nhiều cây si dưới chân toà chung cư trên mặt đường 70 phường Yên Xá, huyện Thanh Trì bị bật gốc, gãy đổ la liệt. Ảnh: Lê Hiếu Cây đổ trong trường Đại học quốc gia Hà Nội chiều 7/9. Ảnh: Duy Anh Cây đổ trong trường Đại học quốc gia Hà Nội chiều 7/9. Ảnh: Duy Anh Nhóm phóng viên","7/9/2024 17:29","VnExpress","VnExpress","0"
"4790233","Tan hoang vì bão Yagi. . TP Hải Phòng ngổn ngang sau khi bão Yagi quét qua. Cần cẩu ở công trường trên đường Hồng Bàng, quận Hồng Bàng bị gãy đổ, trưa 7/9. Ảnh: Lê Tân TP Hải Phòng ngổn ngang sau khi bão Yagi quét qua. Cần cẩu ở công trường trên đường Hồng Bàng, quận Hồng Bàng bị gãy đổ, trưa 7/9. Ảnh: Lê Tân Cây đổ làm sập một phần bức tường bao cảng Hải Phòng, đoạn qua đường Lê Thánh Tông, quận Ngô Quyền. Ảnh: Lê Tân Cây đổ làm sập một phần bức tường bao cảng Hải Phòng, đoạn qua đường Lê Thánh Tông, quận Ngô Quyền. Ảnh: Lê Tân Đường Lê Thánh Tông, quận Ngô Quyền, ngổn ngang sau gần 10 tiếng mưa gió mạnh. Ảnh: Lê Tân Đường Lê Thánh Tông, quận Ngô Quyền, ngổn ngang sau gần 10 tiếng mưa gió mạnh. Ảnh: Lê Tân Khoảng 50% cây xanh trên các tuyến đường trung tâm thành phố như Lê Thánh Tông, Trần Phú, Điện Biên Phủ, Hoàng Diệu, Trần Hưng Đạo... bị gãy đổ khiến giao thông bị chia cắt. Ảnh: Lê Tân Khoảng 50% cây xanh trên các tuyến đường trung tâm thành phố như Lê Thánh Tông, Trần Phú, Điện Biên Phủ, Hoàng Diệu, Trần Hưng Đạo... bị gãy đổ khiến giao thông bị chia cắt. Ảnh: Lê Tân Rào chắn bằng tấm tôn bị quật đổ trong cảng Hoàng Diệu, Hải Phòng. Ảnh: Lê Tân Rào chắn bằng tấm tôn bị quật đổ trong cảng Hoàng Diệu, Hải Phòng. Ảnh: Lê Tân Quảng Ninh cũng gánh nhiều thiệt hại do bão. Những tấm tôn bay đè lên thuyền tránh bão bên cảng Cái Rồng, huyện Vân Đồn, khiến người dân phải đội mưa dọn dẹp. Ảnh: Giang Huy Quảng Ninh cũng gánh nhiều thiệt hại do bão. Những tấm tôn bay đè lên thuyền tránh bão bên cảng Cái Rồng, huyện Vân Đồn, khiến người dân phải đội mưa dọn dẹp. Ảnh: Giang Huy Khắp huyện Vân Đồn tan hoang khi những tấm tôn, biển báo đổ sập. Người dân tranh thủ lúc ngớt mưa ra ngoài dọn dẹp. Ảnh: Phạm Dự Khắp huyện Vân Đồn tan hoang khi những tấm tôn, biển báo đổ sập. Người dân tranh thủ lúc ngớt mưa ra ngoài dọn dẹp. Ảnh: Phạm Dự Cây ven đường bị thổi nghiêng, lật gốc, gãy cành khi bão Yagi đổ bộ đầu giờ chiều. Ảnh: Phạm Dự Cây ven đường bị thổi nghiêng, lật gốc, gãy cành khi bão Yagi đổ bộ đầu giờ chiều. Ảnh: Phạm Dự Nằm cách xa tâm bão nhưng Hà Nội gió lốc từng cơn từ buổi sáng. Đến đầu giờ chiều tốc độ gió tăng lên, giật dữ dội, thổi bay mái tôn nhà xưởng Công ty giày ở Thượng Đình, Thanh Xuân, Hà Nội. Ảnh cắt từ clip. Nằm cách xa tâm bão nhưng Hà Nội gió lốc từng cơn từ buổi sáng. Đến đầu giờ chiều tốc độ gió tăng lên, giật dữ dội, thổi bay mái tôn nhà xưởng Công ty giày ở Thượng Đình, Thanh Xuân, Hà Nội. Ảnh cắt từ clip. Cây đổ chắn ngang đường Hoàng Quốc Việt, quận Cầu Giấy khiến giao thông tê liệt. Cây đổ chắn ngang đường Hoàng Quốc Việt, quận Cầu Giấy khiến giao thông tê liệt. Cây cổ thụ gãy đổ trên đường Hoàng Quốc Việt đè bẹp một ôtô đang đậu. Cây cổ thụ gãy đổ trên đường Hoàng Quốc Việt đè bẹp một ôtô đang đậu. Gió mạnh làm đổ nhiều gốc cây cổ thụ trên đường Nguyễn Huy Tưởng, quận Thanh Xuân. Thân cây và tán của cây chiếm hết phần đường khiến phương tiện không thể di chuyển. Ảnh: Hoàng Giang Gió mạnh làm đổ nhiều gốc cây cổ thụ trên đường Nguyễn Huy Tưởng, quận Thanh Xuân. Thân cây và tán của cây chiếm hết phần đường khiến phương tiện không thể di chuyển. Ảnh: Hoàng Giang Lực lượng chức năng kết hợp với Công ty cây xanh liên tục trực dọn dẹp cây đổ trên đường phố Trần Quốc Hoàn, quận Cầu Giấy. Ảnh: Duy Anh Lực lượng chức năng kết hợp với Công ty cây xanh liên tục trực dọn dẹp cây đổ trên đường phố Trần Quốc Hoàn, quận Cầu Giấy. Ảnh: Duy Anh Nhiều hàng quán tạm trên trên vỉa hè đường Lê Văn Lương (quận Thanh Xuân) bị gió bão xé toang mái, bạt. Ảnh: Hoàng Giang Nhiều hàng quán tạm trên trên vỉa hè đường Lê Văn Lương (quận Thanh Xuân) bị gió bão xé toang mái, bạt. Ảnh: Hoàng Giang Nhiều cây si dưới chân toà chung cư trên mặt đường 70 phường Yên Xá, huyện Thanh Trì bị bật gốc, gãy đổ la liệt. Ảnh: Lê Hiếu Nhiều cây si dưới chân toà chung cư trên mặt đường 70 phường Yên Xá, huyện Thanh Trì bị bật gốc, gãy đổ la liệt. Ảnh: Lê Hiếu Cây đổ trong trường Đại học quốc gia Hà Nội chiều 7/9. Ảnh: Duy Anh Cây đổ trong trường Đại học quốc gia Hà Nội chiều 7/9. Ảnh: Duy Anh Nhóm phóng viên","7/9/2024 17:29","VnExpress","VnExpress","0"
"4788545","Bão Yagi vào Biển Đông. Vào Biển Đông rạng sáng 3/9, Yagi trở thành cơn bão thứ ba ở khu vực này, dự báo tăng cấp khi tiến gần các tỉnh từ Quảng Ninh đến Phú Yên.. Lúc 7h, tâm bão ở vùng biển phía đông bắc khu vực Bắc Biển Đông, sức gió mạnh nhất 74 km/h, cấp 8, giật cấp 11, đang theo hướng tây tây bắc với tốc độ 20-25 km/h, theo Trung tâm Dự báo Khí tượng Thủy văn. Dự báo đến 7h ngày mai, bão cách đảo Hải Nam (Trung Quốc) khoảng 740 km, sức gió mạnh nhất cấp 9-10, giật cấp 12, giảm tốc độ còn 10 km/h. Đến 7h ngày 5/9, bão cách đảo Hải Nam khoảng 400 km, đạt cấp 11-12, giật cấp 14. Những giờ tiếp theo bão giữ tốc độ và đổi hướng tây. Đến 7h ngày 6/9, bão trên vùng biển phía đông đảo Hải Nam, sức gió mạnh nhất cấp 13, giật cấp 16. Dự báo hướng đi và vùng ảnh hưởng bão Yagi, 7h ngày 3/9. Ảnh: Hệ thống giám sát thiên tai Đài khí tượng Nhật Bản cho biết sức gió mạnh nhất của bão hiện 90 km/h, khi đi về hướng đảo Hải Nam sẽ tăng lên hơn 160 km/h. Đài Hong Kong cũng nhận định tương tự về hướng đi, sức gió mạnh nhất của bão trước khi qua đảo Hải Nam là 155 km/h. Ông Nguyễn Văn Hưởng, Trưởng phòng Dự báo thời tiết, Trung tâm Dự báo Khí tượng Thủy văn quốc gia, nhận định bão Yagi khi vào Biển Đông sẽ liên tục tăng cấp do gặp các điều kiện khí quyển như gió, khí áp, nhiệt độ thuận lợi để mạnh lên và di chuyển chếch hướng tây. Do ảnh hưởng của bão, từ ngày 3/9, vùng biển đông bắc khu vực Bắc Biển Đông gió mạnh cấp 6, vùng gần tâm bão mạnh cấp 8-9, giật trên cấp 11-12, sóng biển cao 3-5 m. Hôm qua, Bộ Trưởng Nông nghiệp và Phát triển nông thôn Lê Minh Hoan đã ký công điện yêu cầu các tỉnh, thành Quảng Ninh - Phú Yên theo dõi diễn biến của bão, thông báo cho tàu thuyền biết về hướng đi để chủ động tránh cũng như sẵn sàng lực lượng cứu hộ cứu nạn khi có yêu cầu. Từ đầu năm, Biển Đông có hai cơn bão, trong đó bão Prapiron vào Quảng Ninh ngày 23/7, gây mưa lớn cho hầu hết miền Bắc, làm 14 người chết, 5 người mất tích tại TP Hà Nội, Điện Biên, Sơn La, Thái Nguyên, Bắc Giang. Gia Chính","3/9/2024 08:50","VnExpress","VnExpress","0"
"4788545","Bão Yagi vào Biển Đông. Vào Biển Đông rạng sáng 3/9, Yagi trở thành cơn bão thứ ba ở khu vực này, dự báo tăng cấp khi tiến gần các tỉnh từ Quảng Ninh đến Phú Yên.. Lúc 7h, tâm bão ở vùng biển phía đông bắc khu vực Bắc Biển Đông, sức gió mạnh nhất 74 km/h, cấp 8, giật cấp 11, đang theo hướng tây tây bắc với tốc độ 20-25 km/h, theo Trung tâm Dự báo Khí tượng Thủy văn. Dự báo đến 7h ngày mai, bão cách đảo Hải Nam (Trung Quốc) khoảng 740 km, sức gió mạnh nhất cấp 9-10, giật cấp 12, giảm tốc độ còn 10 km/h. Đến 7h ngày 5/9, bão cách đảo Hải Nam khoảng 400 km, đạt cấp 11-12, giật cấp 14. Những giờ tiếp theo bão giữ tốc độ và đổi hướng tây. Đến 7h ngày 6/9, bão trên vùng biển phía đông đảo Hải Nam, sức gió mạnh nhất cấp 13, giật cấp 16. Dự báo hướng đi và vùng ảnh hưởng bão Yagi, 7h ngày 3/9. Ảnh: Hệ thống giám sát thiên tai Đài khí tượng Nhật Bản cho biết sức gió mạnh nhất của bão hiện 90 km/h, khi đi về hướng đảo Hải Nam sẽ tăng lên hơn 160 km/h. Đài Hong Kong cũng nhận định tương tự về hướng đi, sức gió mạnh nhất của bão trước khi qua đảo Hải Nam là 155 km/h. Ông Nguyễn Văn Hưởng, Trưởng phòng Dự báo thời tiết, Trung tâm Dự báo Khí tượng Thủy văn quốc gia, nhận định bão Yagi khi vào Biển Đông sẽ liên tục tăng cấp do gặp các điều kiện khí quyển như gió, khí áp, nhiệt độ thuận lợi để mạnh lên và di chuyển chếch hướng tây. Do ảnh hưởng của bão, từ ngày 3/9, vùng biển đông bắc khu vực Bắc Biển Đông gió mạnh cấp 6, vùng gần tâm bão mạnh cấp 8-9, giật trên cấp 11-12, sóng biển cao 3-5 m. Hôm qua, Bộ Trưởng Nông nghiệp và Phát triển nông thôn Lê Minh Hoan đã ký công điện yêu cầu các tỉnh, thành Quảng Ninh - Phú Yên theo dõi diễn biến của bão, thông báo cho tàu thuyền biết về hướng đi để chủ động tránh cũng như sẵn sàng lực lượng cứu hộ cứu nạn khi có yêu cầu. Từ đầu năm, Biển Đông có hai cơn bão, trong đó bão Prapiron vào Quảng Ninh ngày 23/7, gây mưa lớn cho hầu hết miền Bắc, làm 14 người chết, 5 người mất tích tại TP Hà Nội, Điện Biên, Sơn La, Thái Nguyên, Bắc Giang. Gia Chính","3/9/2024 08:50","VnExpress","VnExpress","0"
"4790526","N/A. Quảng NinhSau bão, Hồng Yến, ở Hạ Long, phải mua rau xanh ở chợ với giá gấp 3, sống không điện, không nước, không sóng điện thoại.. VnExpress mở chiến dịch 'Chung tay cùng đồng bào vùng bão lũ' nhằm hỗ trợ người dân vượt lên nghịch cảnh thiên tai, tái thiết cuộc sống. Mọi đóng góp của bạn xin ủng hộ tại đây Liên hệ: 084 666 0123 hoặc podcast@vnexpress.net.","9/9/2024 04:00","VnExpress","VnExpress","0"
"4790526","N/A. Quảng NinhSau bão, Hồng Yến, ở Hạ Long, phải mua rau xanh ở chợ với giá gấp 3, sống không điện, không nước, không sóng điện thoại.. VnExpress mở chiến dịch 'Chung tay cùng đồng bào vùng bão lũ' nhằm hỗ trợ người dân vượt lên nghịch cảnh thiên tai, tái thiết cuộc sống. Mọi đóng góp của bạn xin ủng hộ tại đây Liên hệ: 084 666 0123 hoặc podcast@vnexpress.net.","9/9/2024 04:00","VnExpress","VnExpress","0"
"4902365","N/A. . ","9/9/2024 04:00","VnExpress","VnExpress","0"
"4902365","N/A. . ","9/9/2024 04:00","VnExpress","VnExpress","0"
"4790313","N/A. Chuẩn bị mọi thứ để 'ở yên' 2 ngày nhưng chỉ 30 phút sau khi gió giật, hàng trăm cư dân nơi Việt Anh ở hoảng loạn tìm chỗ trú vì cao ốc rung lắc, tường kính bị lột trần.. VnExpress mở chiến dịch 'Chung tay cùng đồng bào vùng bão lũ' nhằm hỗ trợ người dân vượt lên nghịch cảnh thiên tai, tái thiết cuộc sống. Mọi đóng góp của bạn xin ủng hộ tại đây Liên hệ: 084 666 0123 hoặc podcast@vnexpress.net.","8/9/2024 04:00","VnExpress","VnExpress","0"
"4790313","N/A. Chuẩn bị mọi thứ để 'ở yên' 2 ngày nhưng chỉ 30 phút sau khi gió giật, hàng trăm cư dân nơi Việt Anh ở hoảng loạn tìm chỗ trú vì cao ốc rung lắc, tường kính bị lột trần.. VnExpress mở chiến dịch 'Chung tay cùng đồng bào vùng bão lũ' nhằm hỗ trợ người dân vượt lên nghịch cảnh thiên tai, tái thiết cuộc sống. Mọi đóng góp của bạn xin ủng hộ tại đây Liên hệ: 084 666 0123 hoặc podcast@vnexpress.net.","8/9/2024 04:00","VnExpress","VnExpress","0"
"4789948","N/A. . Siêu bão Yagi, với sức mạnh cực đại, sẽ đổ bộ vào vịnh Bắc Bộ vào sáng 7/9, buộc gần 13.000 hộ dân tại Hải Phòng, Quảng Ninh, Thái Bình phải sơ tán khẩn cấp. Gần 6,5 triệu học sinh tại 14 tỉnh, thành được cho nghỉ học để tránh bão. Các sân bay đóng cửa, giao thông gián đoạn. Nguy cơ lũ lụt, sạt lở và lũ quét đe dọa nhiều khu vực. Theo ông Mai Văn Khiêm, Giám đốc Trung tâm Dự báo Khí tượng Thủy văn quốc gia, Yagi là siêu bão có 'cường độ mạnh nhất trong khoảng 30 năm qua tại Việt Nam', với sức gió cấp 16, giật trên cấp 17 - mức cao nhất, có khả năng đánh đắm tàu thuyền trọng tải lớn. Quá trình tăng cấp nhanh bất thường của bão Yagi qua bản đồ vệ tinh Điểm bất thường đầu tiên của Yagi là hình thành ngay trên Biển Đông, thay vì từ Tây Bắc Thái Bình Dương và giảm cấp khi vào Biển Đông như các siêu bão thông thường. Thứ hai, đây là siêu bão mạnh lên nhanh nhất trong lịch sử với tốc độ trung bình cứ ba giờ tăng một cấp, đạt cấp 16 chỉ trong vòng hai ngày. Theo thống kê của Viện Khoa học Khí tượng Thuỷ văn và Biến đổi khí hậu, trung bình mỗi năm Việt Nam chịu ảnh hưởng của trên 7 cơn bão và áp thấp nhiệt đới. Vùng từ Quảng Ninh đến Thanh Hóa, bao gồm cả đồng bằng Bắc Bộ, có cường độ gió bão lớn nhất cả nước, trung bình đạt cấp 14, giật cấp 15-16, thường xảy ra trong khoảng tháng 7 đến tháng 9. Thống kê giai đoạn 1961-2014 có 116 cơn bão đổ bộ và ảnh hưởng đến vùng này với cường độ gió mạnh ở ngưỡng cao phổ biến là cấp 14. Với siêu bão Yagi, lần đầu tiên, Vịnh Bắc Bộ phải ban hành rủi ro thiên tai cấp độ 4, và là lần thứ ba Việt Nam ghi nhận mức rủi ro này trong lịch sử. Bão Yagi hình thành từ một áp thấp nhiệt đới ở ngoài khơi Philippines hôm 1/9. Trước khi vào Biển Đông sáng 3/9, cơn bão gây mưa lớn, cướp đi ít nhất 16 mạng người do lũ lụt và sạt lở, gây thiệt hại 4 triệu USD. Khi đổ bộ lên đảo Hải Nam (Trung Quốc) chiều qua, siêu bão thậm chí thổi bay người đi đường với sức gió lên tới 234 km/h. Từ năm 1949 đến 2023, hòn đảo này có 106 cơn bão đổ bộ, nhưng chỉ 9 cơn được phân loại là siêu bão, trong đó có Yagi. Đường đi của bão Yagi trên Biển Đông và ảnh hưởng đến các tỉnh Bắc Bộ theo quy mô dân số Sau khi vượt qua đảo Hải Nam (Trung Quốc), bão sẽ đi vào vịnh Bắc Bộ, Việt Nam. Khoảng trưa 7/9, tâm bão đổ bộ Quảng Ninh - Nam Định, cường độ cấp 11-12, giật cấp 15. Bão sau đó giữ hướng tây tây bắc, tốc độ 15-20 km/h. Theo Đài khí tượng Nhật Bản, khi vào vịnh Bắc Bộ, bão sẽ duy trì sức gió ở mức 168 km/h, trong khi Đài Hải quân Mỹ dự báo cơn bão sẽ duy trì ở mức 185 km/h khi đến giữa vịnh. Dự báo, tâm bão lần lượt đi qua các tỉnh thành: Quảng Ninh - Hải Phòng - Hải Dương - Bắc Ninh - Bắc Giang - Vĩnh Phúc - Phú Thọ - Thái Nguyên - Tuyên Quang. Ảnh hưởng của siêu bão gây mưa lớn trên diện rộng, với cảnh báo lũ lụt cấp độ 1 do mưa, lốc, sét và sạt lở - mức thấp nhất trong 4 cấp độ, theo Trung tâm dự báo Khí tượng Thuỷ văn quốc gia. Riêng tại Hà Nội và Thanh Hóa, dù bão chưa đổ bộ, mưa giông đã làm hàng trăm cây xanh gãy đổ, khiến một phụ nữ tử vong. Theo Ủy ban quốc gia Ứng phó sự cố, thiên tai và Tìm kiếm cứu nạn, quân đội đã huy động 457.460 người sẵn sàng ứng phó bão Yagi. Hơn 10.100 phương tiện, gồm 400 xe đặc chủng, 4.770 ô tô, 4.940 tàu thuyền và 6 máy bay cũng sẵn sàng ứng phó bão. Tính đến đêm 6/9, bão Yagi giảm xuống cấp 14, không còn là siêu bão. Tuy nhiên, sức tàn phá vẫn ở mức cao nhất. Theo bản đồ dự báo bão của Trung tâm Khí tượng Thuỷ văn quốc gia, tối 8/9, sau khi đi sâu vào đất liền Việt Nam, bão sẽ dần suy yếu trên biên giới Việt - Lào. Nội dung, Dữ liệu: Quang Tuệ - Phùng Nguyên Đồ hoạ: Khánh Hoàng - Đăng Hiếu","7/9/2024 00:46","VnExpress","VnExpress","0"
"4789948","N/A. . Siêu bão Yagi, với sức mạnh cực đại, sẽ đổ bộ vào vịnh Bắc Bộ vào sáng 7/9, buộc gần 13.000 hộ dân tại Hải Phòng, Quảng Ninh, Thái Bình phải sơ tán khẩn cấp. Gần 6,5 triệu học sinh tại 14 tỉnh, thành được cho nghỉ học để tránh bão. Các sân bay đóng cửa, giao thông gián đoạn. Nguy cơ lũ lụt, sạt lở và lũ quét đe dọa nhiều khu vực. Theo ông Mai Văn Khiêm, Giám đốc Trung tâm Dự báo Khí tượng Thủy văn quốc gia, Yagi là siêu bão có 'cường độ mạnh nhất trong khoảng 30 năm qua tại Việt Nam', với sức gió cấp 16, giật trên cấp 17 - mức cao nhất, có khả năng đánh đắm tàu thuyền trọng tải lớn. Quá trình tăng cấp nhanh bất thường của bão Yagi qua bản đồ vệ tinh Điểm bất thường đầu tiên của Yagi là hình thành ngay trên Biển Đông, thay vì từ Tây Bắc Thái Bình Dương và giảm cấp khi vào Biển Đông như các siêu bão thông thường. Thứ hai, đây là siêu bão mạnh lên nhanh nhất trong lịch sử với tốc độ trung bình cứ ba giờ tăng một cấp, đạt cấp 16 chỉ trong vòng hai ngày. Theo thống kê của Viện Khoa học Khí tượng Thuỷ văn và Biến đổi khí hậu, trung bình mỗi năm Việt Nam chịu ảnh hưởng của trên 7 cơn bão và áp thấp nhiệt đới. Vùng từ Quảng Ninh đến Thanh Hóa, bao gồm cả đồng bằng Bắc Bộ, có cường độ gió bão lớn nhất cả nước, trung bình đạt cấp 14, giật cấp 15-16, thường xảy ra trong khoảng tháng 7 đến tháng 9. Thống kê giai đoạn 1961-2014 có 116 cơn bão đổ bộ và ảnh hưởng đến vùng này với cường độ gió mạnh ở ngưỡng cao phổ biến là cấp 14. Với siêu bão Yagi, lần đầu tiên, Vịnh Bắc Bộ phải ban hành rủi ro thiên tai cấp độ 4, và là lần thứ ba Việt Nam ghi nhận mức rủi ro này trong lịch sử. Bão Yagi hình thành từ một áp thấp nhiệt đới ở ngoài khơi Philippines hôm 1/9. Trước khi vào Biển Đông sáng 3/9, cơn bão gây mưa lớn, cướp đi ít nhất 16 mạng người do lũ lụt và sạt lở, gây thiệt hại 4 triệu USD. Khi đổ bộ lên đảo Hải Nam (Trung Quốc) chiều qua, siêu bão thậm chí thổi bay người đi đường với sức gió lên tới 234 km/h. Từ năm 1949 đến 2023, hòn đảo này có 106 cơn bão đổ bộ, nhưng chỉ 9 cơn được phân loại là siêu bão, trong đó có Yagi. Đường đi của bão Yagi trên Biển Đông và ảnh hưởng đến các tỉnh Bắc Bộ theo quy mô dân số Sau khi vượt qua đảo Hải Nam (Trung Quốc), bão sẽ đi vào vịnh Bắc Bộ, Việt Nam. Khoảng trưa 7/9, tâm bão đổ bộ Quảng Ninh - Nam Định, cường độ cấp 11-12, giật cấp 15. Bão sau đó giữ hướng tây tây bắc, tốc độ 15-20 km/h. Theo Đài khí tượng Nhật Bản, khi vào vịnh Bắc Bộ, bão sẽ duy trì sức gió ở mức 168 km/h, trong khi Đài Hải quân Mỹ dự báo cơn bão sẽ duy trì ở mức 185 km/h khi đến giữa vịnh. Dự báo, tâm bão lần lượt đi qua các tỉnh thành: Quảng Ninh - Hải Phòng - Hải Dương - Bắc Ninh - Bắc Giang - Vĩnh Phúc - Phú Thọ - Thái Nguyên - Tuyên Quang. Ảnh hưởng của siêu bão gây mưa lớn trên diện rộng, với cảnh báo lũ lụt cấp độ 1 do mưa, lốc, sét và sạt lở - mức thấp nhất trong 4 cấp độ, theo Trung tâm dự báo Khí tượng Thuỷ văn quốc gia. Riêng tại Hà Nội và Thanh Hóa, dù bão chưa đổ bộ, mưa giông đã làm hàng trăm cây xanh gãy đổ, khiến một phụ nữ tử vong. Theo Ủy ban quốc gia Ứng phó sự cố, thiên tai và Tìm kiếm cứu nạn, quân đội đã huy động 457.460 người sẵn sàng ứng phó bão Yagi. Hơn 10.100 phương tiện, gồm 400 xe đặc chủng, 4.770 ô tô, 4.940 tàu thuyền và 6 máy bay cũng sẵn sàng ứng phó bão. Tính đến đêm 6/9, bão Yagi giảm xuống cấp 14, không còn là siêu bão. Tuy nhiên, sức tàn phá vẫn ở mức cao nhất. Theo bản đồ dự báo bão của Trung tâm Khí tượng Thuỷ văn quốc gia, tối 8/9, sau khi đi sâu vào đất liền Việt Nam, bão sẽ dần suy yếu trên biên giới Việt - Lào. Nội dung, Dữ liệu: Quang Tuệ - Phùng Nguyên Đồ hoạ: Khánh Hoàng - Đăng Hiếu","7/9/2024 00:46","VnExpress","VnExpress","0"
"4790527","24 người chết do bão Yagi. Bão Yagi đổ bộ miền Bắc đã làm 24 người chết, 3 người mất tích, trong đó Lào Cai 6, Quảng Ninh 5, Hà Nội và Hòa Bình mỗi tỉnh thành 4 người chết.. Thống kê đến tối 8/9 của Cục Quản lý đê điều và Phòng chống thiên tai cũng như một số địa phương cho thấy cơn bão mạnh nhất trong hàng chục năm qua đã làm 24 người chết, chủ yếu do sạt lở đất, cây đổ đè trúng người. Tâm bão Quảng Ninh chịu nhiều thiệt hại nhất với 5 người chết, trong đó có sĩ quan của Quân khu 3 và sĩ quan công an của trại giam tỉnh. Trong 229 người bị thương trên toàn khu vực thì Quảng Ninh có tới 157. Tất cả đều gặp nạn trong ngày bão đổ bộ với sức gió cấp 12-13, riêng Bãi Cháy tới cấp 14. Lào Cai và Hòa Bình nằm trong vùng ảnh hưởng trực tiếp của bão, sức gió cấp 8-9, mưa liên tục hai ngày qua khiến đất no nước, liên kết kém và sạt lở. Ngoài 6 người bị chết ở thị xã Sa Pa, Lào Cai còn 9 người bị thương do sạt lở vùi lấp khu dân cư nằm cách chân núi khoảng 100 m. Nhà dân ở TP Cẩm Phả, Quảng Ninh tan hoang sau bão Yagi. Ảnh: Giang Huy Nằm trên đường di chuyển của bão và hứng chịu gió cấp 10, Hà Nội ghi nhận 4 người chết, 17 người bị thương, chủ yếu do cây đổ đè trúng. Thành phố thống kê có tới 24.800 cây đổ, tập trung ở Hoàng Mai, Long Biên, Gia Lâm, Đông Anh, Nam Từ Liêm... Các địa phương khác như Hải Phòng ghi nhận 2 người chết; Hải Dương, Yên Bái, Lạng Sơn mỗi nơi một người chết. Bắc Giang có một người, Tuyên Quang hai người mất tích do lũ cuốn. Bão Yagi đã làm hơn 8.010 ngôi nhà bị hư hỏng; 25 tàu thuyền ở Quảng Ninh bị chìm tại nơi neo đậu. Tỉnh Quảng Ninh cũng có hơn 1.100 lồng bè nuôi thủy sản bị chìm hoặc cuốn trôi. Hệ thống điện và viễn thông bị tê liệt diện rộng. Quảng Ninh, Hải Phòng, Thái Bình, Hải Dương, Hà Nội bị mất điện do 5 đoạn đường dây 500kV, 31 đường dây 220kV, 97 đường dây 110kV gặp sự cố. Đến tối 8/9, nhiều khu vực ở Quảng Ninh, Hải Phòng vẫn chưa có điện. Cột điện đổ trên đường phố TP Cẩm Phả, Quảng Ninh, sáng 8/9. Ảnh: Giang Huy Ngành nông nghiệp thống kê gần 110.000 ha lúa bị ngập úng, tập trung tại Hải Phòng 7.000 ha, Thái Bình 29.000 ha, Hưng Yên 12.110 ha, Hải Dương 18.500 ha. 17.920 ha hoa màu, 6.900 ha cây ăn quả bị hư hại. Hiện nhiều tỉnh miền Bắc vẫn mưa. Cơ quan khí tượng dự báo trong 24-48 giờ tới Tây Bắc Bộ mưa 70-140 mm, có nơi trên 250 mm; từ đêm 9/9 đến chiều tối 10/9 mưa 50-100 mm, có nơi trên 200 mm. Đông Bắc Bộ và Thanh Hóa mưa nhỏ hơn, dao động 40-80 mm, có nơi trên 150 mm từ đêm 8/9 đến tối 9/9. 17/25 tỉnh thành miền Bắc đối diện nguy cơ sạt lở đất. 15 giờ bão càn quét qua miền Bắc. Video: Nhóm phóng viên Gia Chính","9/9/2024 00:26","VnExpress","VnExpress","0"
"4790527","24 người chết do bão Yagi. Bão Yagi đổ bộ miền Bắc đã làm 24 người chết, 3 người mất tích, trong đó Lào Cai 6, Quảng Ninh 5, Hà Nội và Hòa Bình mỗi tỉnh thành 4 người chết.. Thống kê đến tối 8/9 của Cục Quản lý đê điều và Phòng chống thiên tai cũng như một số địa phương cho thấy cơn bão mạnh nhất trong hàng chục năm qua đã làm 24 người chết, chủ yếu do sạt lở đất, cây đổ đè trúng người. Tâm bão Quảng Ninh chịu nhiều thiệt hại nhất với 5 người chết, trong đó có sĩ quan của Quân khu 3 và sĩ quan công an của trại giam tỉnh. Trong 229 người bị thương trên toàn khu vực thì Quảng Ninh có tới 157. Tất cả đều gặp nạn trong ngày bão đổ bộ với sức gió cấp 12-13, riêng Bãi Cháy tới cấp 14. Lào Cai và Hòa Bình nằm trong vùng ảnh hưởng trực tiếp của bão, sức gió cấp 8-9, mưa liên tục hai ngày qua khiến đất no nước, liên kết kém và sạt lở. Ngoài 6 người bị chết ở thị xã Sa Pa, Lào Cai còn 9 người bị thương do sạt lở vùi lấp khu dân cư nằm cách chân núi khoảng 100 m. Nhà dân ở TP Cẩm Phả, Quảng Ninh tan hoang sau bão Yagi. Ảnh: Giang Huy Nằm trên đường di chuyển của bão và hứng chịu gió cấp 10, Hà Nội ghi nhận 4 người chết, 17 người bị thương, chủ yếu do cây đổ đè trúng. Thành phố thống kê có tới 24.800 cây đổ, tập trung ở Hoàng Mai, Long Biên, Gia Lâm, Đông Anh, Nam Từ Liêm... Các địa phương khác như Hải Phòng ghi nhận 2 người chết; Hải Dương, Yên Bái, Lạng Sơn mỗi nơi một người chết. Bắc Giang có một người, Tuyên Quang hai người mất tích do lũ cuốn. Bão Yagi đã làm hơn 8.010 ngôi nhà bị hư hỏng; 25 tàu thuyền ở Quảng Ninh bị chìm tại nơi neo đậu. Tỉnh Quảng Ninh cũng có hơn 1.100 lồng bè nuôi thủy sản bị chìm hoặc cuốn trôi. Hệ thống điện và viễn thông bị tê liệt diện rộng. Quảng Ninh, Hải Phòng, Thái Bình, Hải Dương, Hà Nội bị mất điện do 5 đoạn đường dây 500kV, 31 đường dây 220kV, 97 đường dây 110kV gặp sự cố. Đến tối 8/9, nhiều khu vực ở Quảng Ninh, Hải Phòng vẫn chưa có điện. Cột điện đổ trên đường phố TP Cẩm Phả, Quảng Ninh, sáng 8/9. Ảnh: Giang Huy Ngành nông nghiệp thống kê gần 110.000 ha lúa bị ngập úng, tập trung tại Hải Phòng 7.000 ha, Thái Bình 29.000 ha, Hưng Yên 12.110 ha, Hải Dương 18.500 ha. 17.920 ha hoa màu, 6.900 ha cây ăn quả bị hư hại. Hiện nhiều tỉnh miền Bắc vẫn mưa. Cơ quan khí tượng dự báo trong 24-48 giờ tới Tây Bắc Bộ mưa 70-140 mm, có nơi trên 250 mm; từ đêm 9/9 đến chiều tối 10/9 mưa 50-100 mm, có nơi trên 200 mm. Đông Bắc Bộ và Thanh Hóa mưa nhỏ hơn, dao động 40-80 mm, có nơi trên 150 mm từ đêm 8/9 đến tối 9/9. 17/25 tỉnh thành miền Bắc đối diện nguy cơ sạt lở đất. 15 giờ bão càn quét qua miền Bắc. Video: Nhóm phóng viên Gia Chính","9/9/2024 00:26","VnExpress","VnExpress","0"
"4790367","Bão Yagi làm 14 người chết. Bão Yagi đổ bộ Quảng Ninh - Hải Phòng với sức gió cấp 12-13 làm 14 người chết, trong đó Quảng Ninh 4, Hà Nội 3 người, 176 người khác bị thương.. Theo Cục Cứu hộ - Cứu nạn, Bộ Quốc phòng, tổng hợp đến 10h sáng nay bão Yagi đã làm 4 người ở Quảng Ninh, 4 người ở Hòa Bình, 3 người ở Hà Nội, Hải Phòng, Hải Dương, Quân khu 3 mỗi nơi có một người chết. Ngoài ra, 176 người, chủ yếu ở Quảng Ninh bị thương. Các nạn nhân chủ yếu do bị cây đổ đè vào người, sạt lở đất và tàu bè trôi, mất tích. Tâm bão Quảng Ninh hứng chịu sức gió mạnh nhất ở Bãi Cháy lên tới cấp 14, các khu vực cấp 12-13 chịu nhiều tổn thất nhất về tài sản. Thống kê đến sáng nay, tỉnh có 38 tàu, thuyền bị chìm, mất tích; 1.000 lồng bè nuôi trồng thủy sản bị hư hại, chìm, mất tích. Số nhà bị tốc mái, hư hại lên đến hàng nghìn. Cột điện gãy đổ ở Đồ Sơn, Hải Phòng. Ảnh: Anh Phú Mạng lưới điện chịu thiệt hại với 401 cột điện bị gãy đổ, 27 trạm biến áp hư hỏng. Từ chiều đến tối qua, toàn tỉnh Quảng Ninh, TP Hải Phòng và Thái Bình phải cắt điện để khắc phục sự cố và đảm bảo an toàn trong mưa bão, làm hơn 3 triệu khách hàng (hộ gia đình, doanh nghiệp) bị ảnh hưởng. Đến sáng nay, nhiều khu vực vẫn mất điện. Sóng di động cũng gián đoạn từ chiều qua do 7 tuyến cáp quang liên tỉnh đứt, 27 cột phát sóng gãy đổ, 6.285 trạm mất điện trong bão Yagi, theo Cục Viễn thông, Bộ Thông tin và Truyền thông. Đến sáng nay, tại một khu vực ở Hải Phòng, Quảng Ninh và Hải Dương, nhiều người phản ánh chưa bắt được sóng di động. 121.500 ha lúa và hoa màu bị ngập, hư hại sau bão, tập trung tại Thái Bình, Hải Phòng, Hải Dương, Bắc Ninh, Hà Nội, Nam Định, Hưng Yên, Hà Nam. 5.000 ha cây ăn quả tại Hải Phòng, Thái Bình, Hưng Yên bị hư hại. Cây xanh ở miền Bắc gãy đổ rất nhiều, địa phương đang thống kê, riêng Hà Nội khoảng 17.000 cây. Một chiếc ôtô bị cây đổ đè bẹp ở bán đảo Linh Đàm, Hà Nội. Ảnh: Lộc Chung Sáng 8/9, Thủ tướng Phạm Minh Chính chủ trì hội nghị trực tuyến với 26 địa phương từ Thanh Hóa trở ra để đánh giá công tác chỉ đạo ứng phó, triển khai các biện pháp cấp bách khắc phục hậu quả bão Yagi. Phát biểu mở đầu hội nghị, Thủ tướng Phạm Minh Chính nói bão Yagi hoành hành trên đất liền hơn một ngày gây hậu quả nghiêm trọng. Hoàn lưu bão sẽ tiếp tục gây mưa lũ, nhất là các tỉnh miền núi phía Bắc. Thủ tướng yêu cầu cần rà soát ngay, hỗ trợ cho các địa phương bị thiệt hại, các gia đình có người thiệt mạng. Trong lúc này, người dân đang phải chịu thiệt hại, phải bàn với tinh thần khẩn trương; tiếp tục triển khai ngay các công việc khắc phục hậu quả bão; kịp thời xử lý các vấn đề liên quan tới đời sống người dân, sản xuất, kinh doanh, ứng phó sạt lở, sụt lún. Bão giảm cấp không theo quy luật thông thường Tại hội nghị, Bộ Tài nguyên và Môi trường đánh giá bão Yagi 'rất đặc biệt', hình thành phía đông Philippines, mạnh lên thành siêu bão trên Biển Đông và là cơn bão mạnh nhất tại đây trong 30 năm qua. Yagi tăng cường độ rất nhanh, trong 24 giờ đã tăng 8 cấp lên cấp 16 siêu bão và duy trì cấp này trong thời gian dài. Kể cả khi đổ bộ đảo Hải Nam của Trung Quốc đêm 6/9, bão vẫn đạt cấp siêu bão. Mức độ giảm cấp trên đường đi của Yagi 'không theo quy luật thông thường'. Bình thường các cơn bão đi qua đảo Hải Nam vào vịnh Bắc Bộ do ma sát với đảo sẽ yếu đi nhanh, nhưng Yagi chỉ giảm 2 cấp, còn 14. Khi áp sát bờ biển Quảng Ninh - Hải Phòng vào trưa qua, bão vẫn giữ cấp 12-13. Thời gian Yagi lưu trên đất liền kéo dài 12 giờ, trong đó nhiều giờ sau khi đổ bộ Quảng Ninh - Hải Phòng bão vẫn giữ cấp 12-13. Đến 4h sáng nay, Yagi suy yếu thành áp thấp nhiệt đới ở Tây Bắc Bộ, dự báo trong 12-24 giờ tới suy yếu thành vùng thấp và tan dần. Hôm qua, lý giải vì sao bão chậm giảm cấp dù đã đổ bộ, ông Mai Văn Khiêm, Giám đốc Trung tâm Dự báo Khí tượng Thủy văn quốc gia, cho biết hoàn lưu của bão Yagi rất rộng, bao trùm cả Bắc Bộ, Bắc Trung Bộ và có tính chất đối xứng khiến việc giảm cấp nhanh rất khó. Bề mặt đệm ở Bắc Bộ nóng, ẩm, là nguồn cung cấp năng lượng cho bão. Hà Nội tan hoang sau bão Yagi. Video: Lộc Chung - Văn Ngọc - Bá Nam Bộ Tài nguyên và Môi trường đánh giá dự báo của Việt Nam về cường độ, hướng đi của bão Yagi sát với thực tế từ khi ở vịnh Bắc Bộ cũng như khi vào đất liền. Dự báo hai ngày tới hoàn lưu bão Yagi sẽ gây mưa lớn cho đồng bằng, trung du và miền núi phía Bắc, lượng mưa trung bình 24 giờ có thể lên tới 100-150 mm, có nơi lên đến hơn 200 mm. Trên các sông nhỏ ở Quảng Ninh, Lạng Sơn, Cao Bằng, Hòa Bình, lũ có thể lên mức báo động 2-3. Các tỉnh thành Quảng Ninh, Hải Phòng, Lạng Sơn, Thái Nguyên, Cao Bằng, Hà Giang, Yên Bái, Bắc Kạn, Nam Định, Thái Bình, Hà Nam, Hà Nội có nguy cơ cao ngập lụt do mưa lớn. Nhiều địa phương như Quảng Ninh, Lạng Sơn, Bắc Kạn, Thái Nguyên, Bắc Giang, Vĩnh Phúc, Hòa Bình, Phú Thọ, Tuyên Quang, Yên Bái, Sơn La, Lai Châu, Lào Cai, Thanh Hòa đối diện nguy cơ lũ ống, lũ quét, sạt lở đất. Viết Tuân - Gia Chính","8/9/2024 11:12","VnExpress","VnExpress","0"
"4790367","Bão Yagi làm 14 người chết. Bão Yagi đổ bộ Quảng Ninh - Hải Phòng với sức gió cấp 12-13 làm 14 người chết, trong đó Quảng Ninh 4, Hà Nội 3 người, 176 người khác bị thương.. Theo Cục Cứu hộ - Cứu nạn, Bộ Quốc phòng, tổng hợp đến 10h sáng nay bão Yagi đã làm 4 người ở Quảng Ninh, 4 người ở Hòa Bình, 3 người ở Hà Nội, Hải Phòng, Hải Dương, Quân khu 3 mỗi nơi có một người chết. Ngoài ra, 176 người, chủ yếu ở Quảng Ninh bị thương. Các nạn nhân chủ yếu do bị cây đổ đè vào người, sạt lở đất và tàu bè trôi, mất tích. Tâm bão Quảng Ninh hứng chịu sức gió mạnh nhất ở Bãi Cháy lên tới cấp 14, các khu vực cấp 12-13 chịu nhiều tổn thất nhất về tài sản. Thống kê đến sáng nay, tỉnh có 38 tàu, thuyền bị chìm, mất tích; 1.000 lồng bè nuôi trồng thủy sản bị hư hại, chìm, mất tích. Số nhà bị tốc mái, hư hại lên đến hàng nghìn. Cột điện gãy đổ ở Đồ Sơn, Hải Phòng. Ảnh: Anh Phú Mạng lưới điện chịu thiệt hại với 401 cột điện bị gãy đổ, 27 trạm biến áp hư hỏng. Từ chiều đến tối qua, toàn tỉnh Quảng Ninh, TP Hải Phòng và Thái Bình phải cắt điện để khắc phục sự cố và đảm bảo an toàn trong mưa bão, làm hơn 3 triệu khách hàng (hộ gia đình, doanh nghiệp) bị ảnh hưởng. Đến sáng nay, nhiều khu vực vẫn mất điện. Sóng di động cũng gián đoạn từ chiều qua do 7 tuyến cáp quang liên tỉnh đứt, 27 cột phát sóng gãy đổ, 6.285 trạm mất điện trong bão Yagi, theo Cục Viễn thông, Bộ Thông tin và Truyền thông. Đến sáng nay, tại một khu vực ở Hải Phòng, Quảng Ninh và Hải Dương, nhiều người phản ánh chưa bắt được sóng di động. 121.500 ha lúa và hoa màu bị ngập, hư hại sau bão, tập trung tại Thái Bình, Hải Phòng, Hải Dương, Bắc Ninh, Hà Nội, Nam Định, Hưng Yên, Hà Nam. 5.000 ha cây ăn quả tại Hải Phòng, Thái Bình, Hưng Yên bị hư hại. Cây xanh ở miền Bắc gãy đổ rất nhiều, địa phương đang thống kê, riêng Hà Nội khoảng 17.000 cây. Một chiếc ôtô bị cây đổ đè bẹp ở bán đảo Linh Đàm, Hà Nội. Ảnh: Lộc Chung Sáng 8/9, Thủ tướng Phạm Minh Chính chủ trì hội nghị trực tuyến với 26 địa phương từ Thanh Hóa trở ra để đánh giá công tác chỉ đạo ứng phó, triển khai các biện pháp cấp bách khắc phục hậu quả bão Yagi. Phát biểu mở đầu hội nghị, Thủ tướng Phạm Minh Chính nói bão Yagi hoành hành trên đất liền hơn một ngày gây hậu quả nghiêm trọng. Hoàn lưu bão sẽ tiếp tục gây mưa lũ, nhất là các tỉnh miền núi phía Bắc. Thủ tướng yêu cầu cần rà soát ngay, hỗ trợ cho các địa phương bị thiệt hại, các gia đình có người thiệt mạng. Trong lúc này, người dân đang phải chịu thiệt hại, phải bàn với tinh thần khẩn trương; tiếp tục triển khai ngay các công việc khắc phục hậu quả bão; kịp thời xử lý các vấn đề liên quan tới đời sống người dân, sản xuất, kinh doanh, ứng phó sạt lở, sụt lún. Bão giảm cấp không theo quy luật thông thường Tại hội nghị, Bộ Tài nguyên và Môi trường đánh giá bão Yagi 'rất đặc biệt', hình thành phía đông Philippines, mạnh lên thành siêu bão trên Biển Đông và là cơn bão mạnh nhất tại đây trong 30 năm qua. Yagi tăng cường độ rất nhanh, trong 24 giờ đã tăng 8 cấp lên cấp 16 siêu bão và duy trì cấp này trong thời gian dài. Kể cả khi đổ bộ đảo Hải Nam của Trung Quốc đêm 6/9, bão vẫn đạt cấp siêu bão. Mức độ giảm cấp trên đường đi của Yagi 'không theo quy luật thông thường'. Bình thường các cơn bão đi qua đảo Hải Nam vào vịnh Bắc Bộ do ma sát với đảo sẽ yếu đi nhanh, nhưng Yagi chỉ giảm 2 cấp, còn 14. Khi áp sát bờ biển Quảng Ninh - Hải Phòng vào trưa qua, bão vẫn giữ cấp 12-13. Thời gian Yagi lưu trên đất liền kéo dài 12 giờ, trong đó nhiều giờ sau khi đổ bộ Quảng Ninh - Hải Phòng bão vẫn giữ cấp 12-13. Đến 4h sáng nay, Yagi suy yếu thành áp thấp nhiệt đới ở Tây Bắc Bộ, dự báo trong 12-24 giờ tới suy yếu thành vùng thấp và tan dần. Hôm qua, lý giải vì sao bão chậm giảm cấp dù đã đổ bộ, ông Mai Văn Khiêm, Giám đốc Trung tâm Dự báo Khí tượng Thủy văn quốc gia, cho biết hoàn lưu của bão Yagi rất rộng, bao trùm cả Bắc Bộ, Bắc Trung Bộ và có tính chất đối xứng khiến việc giảm cấp nhanh rất khó. Bề mặt đệm ở Bắc Bộ nóng, ẩm, là nguồn cung cấp năng lượng cho bão. Hà Nội tan hoang sau bão Yagi. Video: Lộc Chung - Văn Ngọc - Bá Nam Bộ Tài nguyên và Môi trường đánh giá dự báo của Việt Nam về cường độ, hướng đi của bão Yagi sát với thực tế từ khi ở vịnh Bắc Bộ cũng như khi vào đất liền. Dự báo hai ngày tới hoàn lưu bão Yagi sẽ gây mưa lớn cho đồng bằng, trung du và miền núi phía Bắc, lượng mưa trung bình 24 giờ có thể lên tới 100-150 mm, có nơi lên đến hơn 200 mm. Trên các sông nhỏ ở Quảng Ninh, Lạng Sơn, Cao Bằng, Hòa Bình, lũ có thể lên mức báo động 2-3. Các tỉnh thành Quảng Ninh, Hải Phòng, Lạng Sơn, Thái Nguyên, Cao Bằng, Hà Giang, Yên Bái, Bắc Kạn, Nam Định, Thái Bình, Hà Nam, Hà Nội có nguy cơ cao ngập lụt do mưa lớn. Nhiều địa phương như Quảng Ninh, Lạng Sơn, Bắc Kạn, Thái Nguyên, Bắc Giang, Vĩnh Phúc, Hòa Bình, Phú Thọ, Tuyên Quang, Yên Bái, Sơn La, Lai Châu, Lào Cai, Thanh Hòa đối diện nguy cơ lũ ống, lũ quét, sạt lở đất. Viết Tuân - Gia Chính","8/9/2024 11:12","VnExpress","VnExpress","0"
"4902364","N/A. . ","8/9/2024 04:00","VnExpress","VnExpress","0"
"4902364","N/A. . ","8/9/2024 04:00","VnExpress","VnExpress","0"
"4790018","N/A. Siêu bão Yagi được cho là minh chứng rõ ràng cho xu hướng các cơn bão mạnh hơn tấn công vào Đông Á và Đông Nam Á, chủ yếu do nhiệt độ đại dương tăng.. VnExpress mở chiến dịch 'Chung tay cùng đồng bào vùng bão lũ' nhằm hỗ trợ người dân vượt lên nghịch cảnh thiên tai, tái thiết cuộc sống. Mọi đóng góp của bạn xin ủng hộ tại đây Liên hệ: 084 666 0123 hoặc podcast@vnexpress.net.","7/9/2024 04:00","VnExpress","VnExpress","0"
"4790018","N/A. Siêu bão Yagi được cho là minh chứng rõ ràng cho xu hướng các cơn bão mạnh hơn tấn công vào Đông Á và Đông Nam Á, chủ yếu do nhiệt độ đại dương tăng.. VnExpress mở chiến dịch 'Chung tay cùng đồng bào vùng bão lũ' nhằm hỗ trợ người dân vượt lên nghịch cảnh thiên tai, tái thiết cuộc sống. Mọi đóng góp của bạn xin ủng hộ tại đây Liên hệ: 084 666 0123 hoặc podcast@vnexpress.net.","7/9/2024 04:00","VnExpress","VnExpress","0"
"4902362","N/A. . ","7/9/2024 04:00","VnExpress","VnExpress","0"
"4902362","N/A. . ","7/9/2024 04:00","VnExpress","VnExpress","0"
"4789195","Yagi mạnh lên thành siêu bão. Trưa nay, gió bão Yagi mạnh nhất lên 201 km/h, cấp 16 siêu bão, khu vực đổ bộ dự báo từ Quảng Ninh đến Ninh Bình vào chiều 7/9.. Tâm bão đang trên vùng biển phía Bắc khu vực Bắc Biển Đông, cách đảo Hải Nam (Trung Quốc) khoảng 490 km, sức gió 184-201 km/h, theo Trung tâm Dự báo Khí tượng Thủy văn quốc gia. Trong hơn ba ngày sau khi vào Biển Đông, bão Yagi đã tăng từ cấp 8 lên 16, trở thành một trong những cơn bão mạnh nhất trên Biển Đông trong 10 năm qua. Dự báo đường đi và ảnh hưởng của siêu bão Yagi. Ảnh: NCHMF Dự báo với hướng tây và tốc độ 10 km/h, đến 10h ngày 6/9 tâm bão cách đảo Hải Nam khoảng 120 km và cách Quảng Ninh khoảng 550 km, duy trì cấp siêu bão. Siêu bão Yagi sau đó chếch lên bắc, tốc độ 15-20 km/h và giảm cấp khi vào gần bờ. Đến 10h ngày 7/9, tâm bão ở bắc vịnh Bắc Bộ, cách Quảng Ninh khoảng 120 km, sức gió giảm còn cấp 13, giật cấp 16. Bão sau đó đi vào khu vực Quảng Ninh - Ninh Bình với sức gió cấp 9-12, giật cấp 13-14 và suy yếu thành áp thấp nhiệt đới. Đài khí tượng Nhật Bản cho biết bão hiện đã đạt cực đại 198 km/h, khi vào vịnh Bắc Bộ giảm còn 126 km/h. Đài Hong Kong cho rằng bão tiếp tục tăng sức gió lên 220 km/h trong những giờ tới. Cả hai đài đều chung dự báo bão sẽ chếch lên phía bắc qua bán đảo Lôi Châu, Trung Quốc, rồi sẽ vào vịnh Bắc Bộ. Do ảnh hưởng của bão, Bắc Biển Đông có gió mạnh cấp 11-14, vùng tâm bão cấp 15-16, giật cấp 17, sóng biển cao 10-12 m. Đĩa mây bão Yagi bao trùm gần hết Biển Đông lúc 13h ngày 5/9. Ảnh: Trung tâm Mạng lưới Khí tượng Thuỷ văn quốc gia Từ trưa 6/9, phía đông vịnh Bắc Bộ bao gồm huyện đảo Bạch Long Vĩ có gió mạnh dần lên cấp 6-7. Từ đêm cùng ngày, vịnh Bắc Bộ, bao gồm huyện đảo Cô Tô gió mạnh dần lên cấp 8-9, sau tăng lên cấp 10-12, vùng gần tâm bão 13-14, giật cấp 17, sóng biển cao 6-8 m. Trên đất liền, gần sáng 7/9, vùng biển Quảng Ninh - Thanh Hóa gió mạnh dần lên cấp 6-7, sau tăng lên cấp 8-9, vùng gần tâm bão cấp 10-12, sóng biển cao 3-5 m. Khu vực sâu trong đất liền Đông Bắc Bộ gió mạnh cấp 6-8, giật cấp 9-11. Ven biển Quảng Ninh - Thanh Hóa nước dâng do bão cao 0,5-1,8 m vào chiều và đêm 7/9 và nước rút do bão cao 0,5-1 m vào sáng 8/9. Từ ngày 6 đến 9/9, Bắc Bộ và Bắc Trung Bộ mưa 100-350 mm, có nơi trên 500 mm, có thể gây ngập úng tại các vùng trũng, thấp; lũ quét trên các sông, suối nhỏ, sạt lở đất trên sườn dốc. Gia cố cho tàu của ngư dân tại âu cảng Bạch Long Vĩ, Hải Phòng chiều 4/9. Ảnh: Sơn Hà Trưa 5/9, Thủ tướng ban hành công điện thứ hai yêu cầu các tỉnh miền Bắc, Thanh Hóa - Bình Định và toàn bộ hệ thống chính trị triển khai ứng phó bão với với tinh thần chủ động phòng ngừa, ứng phó ở mức cao nhất để bảo đảm an toàn tính mạng, nhất là trẻ em và người yếu thế. Lãnh đạo các tỉnh được yêu cầu hoãn các cuộc họp không cần thiết, tập trung phòng chống bão theo các đầu mối công việc như: Rà soát tàu thuyền, người dân trên các lồng bè, chòi canh; đảm bảo an toàn đê điều, hồ đập. 'Xem xét trách nhiệm người đứng đầu các tổ chức, cơ quan, đơn vị lơ là, chủ quan trong thực hiện nhiệm vụ', Thủ tướng khẳng định. Bộ trưởng các bộ Quốc phòng, Công an, Nông nghiệp và Phát triển nông thôn, Tài nguyên và Môi trường, Công Thương, Giao thông vận tải, Xây dựng, Ngoại giao, Thông tin và Truyền thông, Giáo dục và Đào tạo, Y tế, Văn hóa Thể thao và Du lịch theo chức năng nhiệm vụ triển khai các phương án ứng phó với bão. Chiều nay, Phó thủ tướng Trần Hồng Hà sẽ họp với hầu hết các tỉnh, thành miền Bắc, Thanh Hóa - Hà Tĩnh và các bộ ngành để bàn phương án ứng phó với siêu bão Yagi. Các địa phương như Hải Phòng, Quảng Ninh tối qua đã bắn pháo hiệu kêu gọi tàu thuyền vào bờ trú tránh. Hôm nay các tỉnh sẽ ban bố lệnh cấm biển. Gia Chính","5/9/2024 11:44","VnExpress","VnExpress","0"
"4789195","Yagi mạnh lên thành siêu bão. Trưa nay, gió bão Yagi mạnh nhất lên 201 km/h, cấp 16 siêu bão, khu vực đổ bộ dự báo từ Quảng Ninh đến Ninh Bình vào chiều 7/9.. Tâm bão đang trên vùng biển phía Bắc khu vực Bắc Biển Đông, cách đảo Hải Nam (Trung Quốc) khoảng 490 km, sức gió 184-201 km/h, theo Trung tâm Dự báo Khí tượng Thủy văn quốc gia. Trong hơn ba ngày sau khi vào Biển Đông, bão Yagi đã tăng từ cấp 8 lên 16, trở thành một trong những cơn bão mạnh nhất trên Biển Đông trong 10 năm qua. Dự báo đường đi và ảnh hưởng của siêu bão Yagi. Ảnh: NCHMF Dự báo với hướng tây và tốc độ 10 km/h, đến 10h ngày 6/9 tâm bão cách đảo Hải Nam khoảng 120 km và cách Quảng Ninh khoảng 550 km, duy trì cấp siêu bão. Siêu bão Yagi sau đó chếch lên bắc, tốc độ 15-20 km/h và giảm cấp khi vào gần bờ. Đến 10h ngày 7/9, tâm bão ở bắc vịnh Bắc Bộ, cách Quảng Ninh khoảng 120 km, sức gió giảm còn cấp 13, giật cấp 16. Bão sau đó đi vào khu vực Quảng Ninh - Ninh Bình với sức gió cấp 9-12, giật cấp 13-14 và suy yếu thành áp thấp nhiệt đới. Đài khí tượng Nhật Bản cho biết bão hiện đã đạt cực đại 198 km/h, khi vào vịnh Bắc Bộ giảm còn 126 km/h. Đài Hong Kong cho rằng bão tiếp tục tăng sức gió lên 220 km/h trong những giờ tới. Cả hai đài đều chung dự báo bão sẽ chếch lên phía bắc qua bán đảo Lôi Châu, Trung Quốc, rồi sẽ vào vịnh Bắc Bộ. Do ảnh hưởng của bão, Bắc Biển Đông có gió mạnh cấp 11-14, vùng tâm bão cấp 15-16, giật cấp 17, sóng biển cao 10-12 m. Đĩa mây bão Yagi bao trùm gần hết Biển Đông lúc 13h ngày 5/9. Ảnh: Trung tâm Mạng lưới Khí tượng Thuỷ văn quốc gia Từ trưa 6/9, phía đông vịnh Bắc Bộ bao gồm huyện đảo Bạch Long Vĩ có gió mạnh dần lên cấp 6-7. Từ đêm cùng ngày, vịnh Bắc Bộ, bao gồm huyện đảo Cô Tô gió mạnh dần lên cấp 8-9, sau tăng lên cấp 10-12, vùng gần tâm bão 13-14, giật cấp 17, sóng biển cao 6-8 m. Trên đất liền, gần sáng 7/9, vùng biển Quảng Ninh - Thanh Hóa gió mạnh dần lên cấp 6-7, sau tăng lên cấp 8-9, vùng gần tâm bão cấp 10-12, sóng biển cao 3-5 m. Khu vực sâu trong đất liền Đông Bắc Bộ gió mạnh cấp 6-8, giật cấp 9-11. Ven biển Quảng Ninh - Thanh Hóa nước dâng do bão cao 0,5-1,8 m vào chiều và đêm 7/9 và nước rút do bão cao 0,5-1 m vào sáng 8/9. Từ ngày 6 đến 9/9, Bắc Bộ và Bắc Trung Bộ mưa 100-350 mm, có nơi trên 500 mm, có thể gây ngập úng tại các vùng trũng, thấp; lũ quét trên các sông, suối nhỏ, sạt lở đất trên sườn dốc. Gia cố cho tàu của ngư dân tại âu cảng Bạch Long Vĩ, Hải Phòng chiều 4/9. Ảnh: Sơn Hà Trưa 5/9, Thủ tướng ban hành công điện thứ hai yêu cầu các tỉnh miền Bắc, Thanh Hóa - Bình Định và toàn bộ hệ thống chính trị triển khai ứng phó bão với với tinh thần chủ động phòng ngừa, ứng phó ở mức cao nhất để bảo đảm an toàn tính mạng, nhất là trẻ em và người yếu thế. Lãnh đạo các tỉnh được yêu cầu hoãn các cuộc họp không cần thiết, tập trung phòng chống bão theo các đầu mối công việc như: Rà soát tàu thuyền, người dân trên các lồng bè, chòi canh; đảm bảo an toàn đê điều, hồ đập. 'Xem xét trách nhiệm người đứng đầu các tổ chức, cơ quan, đơn vị lơ là, chủ quan trong thực hiện nhiệm vụ', Thủ tướng khẳng định. Bộ trưởng các bộ Quốc phòng, Công an, Nông nghiệp và Phát triển nông thôn, Tài nguyên và Môi trường, Công Thương, Giao thông vận tải, Xây dựng, Ngoại giao, Thông tin và Truyền thông, Giáo dục và Đào tạo, Y tế, Văn hóa Thể thao và Du lịch theo chức năng nhiệm vụ triển khai các phương án ứng phó với bão. Chiều nay, Phó thủ tướng Trần Hồng Hà sẽ họp với hầu hết các tỉnh, thành miền Bắc, Thanh Hóa - Hà Tĩnh và các bộ ngành để bàn phương án ứng phó với siêu bão Yagi. Các địa phương như Hải Phòng, Quảng Ninh tối qua đã bắn pháo hiệu kêu gọi tàu thuyền vào bờ trú tránh. Hôm nay các tỉnh sẽ ban bố lệnh cấm biển. Gia Chính","5/9/2024 11:44","VnExpress","VnExpress","0"
"4789136","Bão Yagi mạnh lên cấp 15. Bão Yagi đã mạnh lên cấp 15 với sức gió tối đa 183 km/h, tăng 3 cấp so với chiều qua và khả năng đạt cấp 16 (siêu bão) trong hôm nay.. Trung tâm Dự báo Khí tượng Thủy văn quốc gia cho biết lúc 4h sáng nay tâm bão Yagi đang trên vùng biển bắc khu vực Bắc Biển Đông, cách đảo Hải Nam (Trung Quốc) khoảng 550 km. Bão theo hướng tây, sau chếch lên bắc một chút, tốc độ 10 km/h, đến 4h ngày mai sẽ cách đảo Hải Nam khoảng 210 km, sức gió 184-201 km/h, cấp siêu bão. Sau đó siêu bão tăng tốc 10-15 km/h, đi sượt qua bán đảo Lôi Châu (Trung Quốc), vào vịnh Bắc Bộ đêm 6 rạng sáng 7/9. Lúc này gió bão giảm còn cấp 13-14, tức trong ngưỡng 134-166 km/h, giật cấp 17. Vẫn giữ hướng và tốc độ 10-15 km/h, bão sau đó đổ bộ khu vực Quảng Ninh - Hải Phòng và đi sâu vào miền Bắc, trong đó có Hà Nội. Dự báo đường đi và vùng ảnh hưởng của bão Yagi, sáng 5/9. Ảnh: NCHMF Đài khí tượng Nhật Bản cho biết gió bão đang là 180 km/h, chiều nay sẽ đạt cực đại 198 km/h. Đài Hong Hong đánh giá Yagi đang là siêu bão với sức gió 205 km/h, chiều nay tăng lên 210 km/h. Đài Hải quân Mỹ thì cho rằng bão sẽ đạt sức gió 205 km/h vào chiều nay trước khi qua bán đảo Lôi Châu. Về hướng đi, các đài quốc tế đều nhận định bão đi chếch lên phía bắc về bán đảo Lôi Châu thay vì lách qua eo biển giữa bán đảo này với đảo Hải Nam như hôm qua. Như thế bão sẽ chịu ma sát với đất liền nhiều hơn. Ông Hoàng Phúc Lâm, Phó giám đốc Trung tâm Dự báo Khí tượng Thủy văn quốc gia, nhận định mối nguy hiểm của bão Yagi là tâm bão chưa vào nhưng khi cách đất liền Việt Nam 400-500 km thì Bắc Bộ đã có thể xuất hiện mưa giông kèm lốc sét. Khả năng đêm 6/9, bão vào vịnh Bắc Bộ nên từ rạng sáng 7/9 khu vực ven biển, đất liền có gió mạnh, mưa tăng rõ rệt. Cao điểm là từ chiều 7 đến sáng 8/9 - thời gian bão đổ bộ, đất liền mưa to, gió rất mạnh. Do bão mạnh, khu vực chịu ảnh hưởng sẽ là Bắc Bộ, Bắc Trung Bộ. Trong đó, trọng tâm gió mạnh, mưa to nhất là các tỉnh thành ven biển Quảng Ninh - Ninh Bình. Biên phòng ở đảo Bạch Long Vĩ, Hải Phòng giúp dân chằng néo tàu thuyền chống bão Yagi, ngày 4/9. Ảnh: Lê Tân Trong 24 giờ tới, Bắc Biển Đông có gió mạnh cấp 11-13, sóng biển cao 7-9 m; vùng gần tâm bão gió mạnh cấp 14-16, giật trên cấp 17, sóng biển cao 10-12 m. Từ đêm 6/9, vịnh Bắc Bộ gió mạnh cấp 10-12, vùng gần tâm bão cấp 13-14, giật cấp 17. Trên đất liền, từ khoảng đêm 6/9 đến sáng 9/9, Bắc Bộ và Bắc Trung Bộ có khả năng xuất hiện đợt mưa to, cục bộ có nơi mưa rất to với tổng lượng phổ biến 100-300 mm, có nơi trên 500 mm, gây nguy cơ ngập úng tại các vùng trũng, thấp; lũ quét trên các sông, suối nhỏ, sạt lở đất trên sườn dốc. Để ứng phó với bão Yagi, Thủ tướng ngày 3/9 đã ban hành công điện yêu cầu hầu hết tỉnh Bắc Bộ, Bắc Trung Bộ chủ động phương án ứng phó. Các địa phương ven biển như Hải Phòng, Quảng Ninh tối qua đã bắn pháo hiệu kêu gọi tàu thuyền vào bờ trú tránh. Hôm nay các tỉnh sẽ ban bố lệnh cấm biển. Gia Chính","5/9/2024 06:32","VnExpress","VnExpress","0"
"4789136","Bão Yagi mạnh lên cấp 15. Bão Yagi đã mạnh lên cấp 15 với sức gió tối đa 183 km/h, tăng 3 cấp so với chiều qua và khả năng đạt cấp 16 (siêu bão) trong hôm nay.. Trung tâm Dự báo Khí tượng Thủy văn quốc gia cho biết lúc 4h sáng nay tâm bão Yagi đang trên vùng biển bắc khu vực Bắc Biển Đông, cách đảo Hải Nam (Trung Quốc) khoảng 550 km. Bão theo hướng tây, sau chếch lên bắc một chút, tốc độ 10 km/h, đến 4h ngày mai sẽ cách đảo Hải Nam khoảng 210 km, sức gió 184-201 km/h, cấp siêu bão. Sau đó siêu bão tăng tốc 10-15 km/h, đi sượt qua bán đảo Lôi Châu (Trung Quốc), vào vịnh Bắc Bộ đêm 6 rạng sáng 7/9. Lúc này gió bão giảm còn cấp 13-14, tức trong ngưỡng 134-166 km/h, giật cấp 17. Vẫn giữ hướng và tốc độ 10-15 km/h, bão sau đó đổ bộ khu vực Quảng Ninh - Hải Phòng và đi sâu vào miền Bắc, trong đó có Hà Nội. Dự báo đường đi và vùng ảnh hưởng của bão Yagi, sáng 5/9. Ảnh: NCHMF Đài khí tượng Nhật Bản cho biết gió bão đang là 180 km/h, chiều nay sẽ đạt cực đại 198 km/h. Đài Hong Hong đánh giá Yagi đang là siêu bão với sức gió 205 km/h, chiều nay tăng lên 210 km/h. Đài Hải quân Mỹ thì cho rằng bão sẽ đạt sức gió 205 km/h vào chiều nay trước khi qua bán đảo Lôi Châu. Về hướng đi, các đài quốc tế đều nhận định bão đi chếch lên phía bắc về bán đảo Lôi Châu thay vì lách qua eo biển giữa bán đảo này với đảo Hải Nam như hôm qua. Như thế bão sẽ chịu ma sát với đất liền nhiều hơn. Ông Hoàng Phúc Lâm, Phó giám đốc Trung tâm Dự báo Khí tượng Thủy văn quốc gia, nhận định mối nguy hiểm của bão Yagi là tâm bão chưa vào nhưng khi cách đất liền Việt Nam 400-500 km thì Bắc Bộ đã có thể xuất hiện mưa giông kèm lốc sét. Khả năng đêm 6/9, bão vào vịnh Bắc Bộ nên từ rạng sáng 7/9 khu vực ven biển, đất liền có gió mạnh, mưa tăng rõ rệt. Cao điểm là từ chiều 7 đến sáng 8/9 - thời gian bão đổ bộ, đất liền mưa to, gió rất mạnh. Do bão mạnh, khu vực chịu ảnh hưởng sẽ là Bắc Bộ, Bắc Trung Bộ. Trong đó, trọng tâm gió mạnh, mưa to nhất là các tỉnh thành ven biển Quảng Ninh - Ninh Bình. Biên phòng ở đảo Bạch Long Vĩ, Hải Phòng giúp dân chằng néo tàu thuyền chống bão Yagi, ngày 4/9. Ảnh: Lê Tân Trong 24 giờ tới, Bắc Biển Đông có gió mạnh cấp 11-13, sóng biển cao 7-9 m; vùng gần tâm bão gió mạnh cấp 14-16, giật trên cấp 17, sóng biển cao 10-12 m. Từ đêm 6/9, vịnh Bắc Bộ gió mạnh cấp 10-12, vùng gần tâm bão cấp 13-14, giật cấp 17. Trên đất liền, từ khoảng đêm 6/9 đến sáng 9/9, Bắc Bộ và Bắc Trung Bộ có khả năng xuất hiện đợt mưa to, cục bộ có nơi mưa rất to với tổng lượng phổ biến 100-300 mm, có nơi trên 500 mm, gây nguy cơ ngập úng tại các vùng trũng, thấp; lũ quét trên các sông, suối nhỏ, sạt lở đất trên sườn dốc. Để ứng phó với bão Yagi, Thủ tướng ngày 3/9 đã ban hành công điện yêu cầu hầu hết tỉnh Bắc Bộ, Bắc Trung Bộ chủ động phương án ứng phó. Các địa phương ven biển như Hải Phòng, Quảng Ninh tối qua đã bắn pháo hiệu kêu gọi tàu thuyền vào bờ trú tránh. Hôm nay các tỉnh sẽ ban bố lệnh cấm biển. Gia Chính","5/9/2024 06:32","VnExpress","VnExpress","0"
"4788988","Yagi có thể mạnh lên siêu bão. Chiều 4/9, bão Yagi mạnh lên cấp 12, đạt cực đại vào ngày 6/9 với sức gió 183 km/h (cấp 15), một số đài quốc tế dự báo có thể lên 184-201 km/h (cấp 16 - siêu bão).. Tại cuộc họp ứng phó với bão Yagi do Bộ Nông nghiệp và Phát triển nông thôn tổ chức chiều 4/9, ông Mai Văn Khiêm, Giám đốc Trung tâm Dự báo Khí tượng Thủy văn quốc gia, cho biết lúc 14h, bão cách đảo Hải Nam (Trung Quốc) 710 km. So với sáng nay, bão đã tăng một cấp, sức gió khoảng 118-133 km/h (cấp 12), giật cấp 15. Như vậy sau hơn 24 giờ vào Biển Đông, bão đã tăng bốn cấp. Bão sẽ tiếp tục tăng cấp trong 24-48 giờ tới khi áp sát đảo Hải Nam. Nguyên nhân là nhiệt độ mặt nước biển đang ấm (30 độ C) và các điều kiện khí tượng khác thuận lợi cho quá trình phát triển của bão. 'Trong bản tin lúc 11h, chúng tôi dự báo bão có thể lên cấp 15 thay vì 14 như bản tin lúc 8h. Hiện một số cơ quan khí tượng quốc tế đã nhận định bão mạnh lên cấp 16, từ giờ đến tối nay chúng tôi sẽ tiếp tục đánh giá để xem xét có nâng mức độ bão lên cấp siêu bão hay không', ông Khiêm nói. Ông Mai Văn Khiêm nhận định về bão Yagi, chiều 4/9. Ảnh: G.C Nếu Yagi mạnh cấp 16 ở vùng biển ven bờ Việt Nam thì sẽ gây mức độ rủi ro thiên tai cấp 5 - thảm họa. Cấp độ này cảnh báo thiệt hại rất lớn về người; vật nuôi; dịch bệnh phát sinh, cộng đồng dân cư không đủ khả năng phục hồi thiệt hại và khắc phục hậu quả thiên tai. Môi trường bị tàn phá nặng nề, hậu quả nghiêm trọng và lâu dài. Phạm vi tác động trên nhiều tỉnh thành. Hiện đài Nhật Bản đã nâng Yagi lên 'cuồng phong' và sẽ đạt cực đại với sức gió mạnh nhất 180 km/h khi ở sát đảo Hải Nam ngày 6/9. Đài Hong Kong cho rằng Yagi sẽ ở mức siêu bão, sức gió mạnh nhất 195 km/h. Đài Hải quân Mỹ nhận định bão hiện mạnh 130 km/h, trước khi vào đảo Hải Nam tăng lên 213 km/h. Cơ quan khí tượng Việt Nam nhận định đêm 6/9, bão vào vịnh Bắc Bộ, đạt cấp 12-13, giật cấp 15. Về khả năng bão vào đất liền, ông Khiêm phân tích còn phụ thuộc hướng di chuyển lệch lên bắc hay xuống phía nam. 'Năm 2014 có một cơn bão tương tự, thời điểm ở phía đông đảo Hải Nam ở cấp 12, giật cấp 15 nhưng do đi lên phía bắc nên khu vực Quảng Ninh chỉ có gió cấp 8-9, giật cấp 10, mưa 100-200 mm. Nếu tâm bão lệch thêm 100 km nữa thì sức gió sẽ giảm nhiều, đất liền Việt Nam chỉ có gió cấp 6', ông Khiêm phân tích. Dự báo hướng đi, vùng ảnh hưởng bão Yagi, chiều 4/9. Ảnh: Hệ thống giám sát thiên tai Kịch bản xấu khi bão đi lệch xuống phía nam 50 km thì hoàn lưu bão sẽ bao trùm lên toàn bộ đồng bằng Bắc Bộ. Cả Hà Nội, Bắc Ninh cũng sẽ có chịu tác động xấu. Ngoài gió giật mạnh, các tỉnh ven biển sóng sẽ cao 9 m, sau tăng lên 11 m. Hiện thủy triều đang thấp nên sóng cao sẽ ít ảnh hưởng, nhưng do mưa lớn dẫn tới khu vực trũng thấp, ven biển vẫn có khả năng ngập úng. Thứ trưởng Nông nghiệp và Phát triển nông thôn Nguyễn Hoàng Hiệp đánh giá nhiều năm qua Việt Nam chưa phải trải qua cơn bão mạnh như hiện tại với mức độ ảnh hưởng lớn ở cả trên biển, đất liền, đồng bằng và vùng núi. 'Khu vực dự báo bão đổ bộ là trọng điểm phát triển kinh tế, xã hội ở miền Bắc cả về công nghiệp và nông nghiệp nên nếu chủ quan thì thiệt hại sẽ rất lớn', ông nói. Lãnh đạo Bộ đề nghị cơ quan khí tượng cung cấp thông tin dự báo sớm. Bản tin 14h ngày mai sẽ quyết định phương hướng chỉ đạo phòng chống bão. Nếu ở mức độ hiện tại thì Thủ tướng sẽ thành lập Ban chỉ đạo tiền phương. Nếu lên mức siêu bão thì thẩm quyền chỉ đạo sẽ là Chủ tịch nước. Ảnh vệ tinh bão Yagi lúc 15h40. Ảnh: Trung tâm Mạng lưới Khí tượng Thủy văn quốc gia Kết luận tại cuộc họp, Bộ trưởng Nông nghiệp và Phát triển nông thôn Lê Minh Hoan nói Trung ương sẽ có chỉ đạo, nhưng ngay từ bây giờ địa phương cần chủ động đưa ra các tình huống, kịch bản để hạn chế rủi ro tính mạng, tài sản của người dân với tinh thần 'hành động không hối tiếc'. Các địa phương có thể cấm biển, cấm hoạt động đông người như họp chợ, hoãn khai giảng và sẵn sàng sử dụng doanh trại, đồn biên phòng để làm nơi di tản người dân. Hiện, Bộ đội biên phòng các tỉnh đã hướng dẫn cho 504 tàu, hơn 3.300 lao động hoạt động ở khu vực nguy hiểm về nơi tránh trú. Về hồ chứa, ở Bắc Bộ có 120 hồ hư hỏng, 77 hồ đang thi công. Trung Bộ có 140 hồ hư hỏng, 63 hồ đang thi công. Đê biển đang được thiết kế chống chịu bão cấp 9-10. Theo thống kê, tuyến đê biển, đê cửa sông từ Quảng Ninh đến Quảng Ngãi có 91 trọng điểm xung yếu, trong đó có 31 điểm ở miền Bắc. Bắc Bộ và Bắc Trung Bộ còn 15.000 ha lúa hè thua đang chuẩn bị thu hoạch, gần một triệu ha lúa mùa đang ở giai đoạn hóa đòng, nếu ngập quá 24 giờ sẽ hỏng. Gia Chính","4/9/2024 17:03","VnExpress","VnExpress","0"
"4788988","Yagi có thể mạnh lên siêu bão. Chiều 4/9, bão Yagi mạnh lên cấp 12, đạt cực đại vào ngày 6/9 với sức gió 183 km/h (cấp 15), một số đài quốc tế dự báo có thể lên 184-201 km/h (cấp 16 - siêu bão).. Tại cuộc họp ứng phó với bão Yagi do Bộ Nông nghiệp và Phát triển nông thôn tổ chức chiều 4/9, ông Mai Văn Khiêm, Giám đốc Trung tâm Dự báo Khí tượng Thủy văn quốc gia, cho biết lúc 14h, bão cách đảo Hải Nam (Trung Quốc) 710 km. So với sáng nay, bão đã tăng một cấp, sức gió khoảng 118-133 km/h (cấp 12), giật cấp 15. Như vậy sau hơn 24 giờ vào Biển Đông, bão đã tăng bốn cấp. Bão sẽ tiếp tục tăng cấp trong 24-48 giờ tới khi áp sát đảo Hải Nam. Nguyên nhân là nhiệt độ mặt nước biển đang ấm (30 độ C) và các điều kiện khí tượng khác thuận lợi cho quá trình phát triển của bão. 'Trong bản tin lúc 11h, chúng tôi dự báo bão có thể lên cấp 15 thay vì 14 như bản tin lúc 8h. Hiện một số cơ quan khí tượng quốc tế đã nhận định bão mạnh lên cấp 16, từ giờ đến tối nay chúng tôi sẽ tiếp tục đánh giá để xem xét có nâng mức độ bão lên cấp siêu bão hay không', ông Khiêm nói. Ông Mai Văn Khiêm nhận định về bão Yagi, chiều 4/9. Ảnh: G.C Nếu Yagi mạnh cấp 16 ở vùng biển ven bờ Việt Nam thì sẽ gây mức độ rủi ro thiên tai cấp 5 - thảm họa. Cấp độ này cảnh báo thiệt hại rất lớn về người; vật nuôi; dịch bệnh phát sinh, cộng đồng dân cư không đủ khả năng phục hồi thiệt hại và khắc phục hậu quả thiên tai. Môi trường bị tàn phá nặng nề, hậu quả nghiêm trọng và lâu dài. Phạm vi tác động trên nhiều tỉnh thành. Hiện đài Nhật Bản đã nâng Yagi lên 'cuồng phong' và sẽ đạt cực đại với sức gió mạnh nhất 180 km/h khi ở sát đảo Hải Nam ngày 6/9. Đài Hong Kong cho rằng Yagi sẽ ở mức siêu bão, sức gió mạnh nhất 195 km/h. Đài Hải quân Mỹ nhận định bão hiện mạnh 130 km/h, trước khi vào đảo Hải Nam tăng lên 213 km/h. Cơ quan khí tượng Việt Nam nhận định đêm 6/9, bão vào vịnh Bắc Bộ, đạt cấp 12-13, giật cấp 15. Về khả năng bão vào đất liền, ông Khiêm phân tích còn phụ thuộc hướng di chuyển lệch lên bắc hay xuống phía nam. 'Năm 2014 có một cơn bão tương tự, thời điểm ở phía đông đảo Hải Nam ở cấp 12, giật cấp 15 nhưng do đi lên phía bắc nên khu vực Quảng Ninh chỉ có gió cấp 8-9, giật cấp 10, mưa 100-200 mm. Nếu tâm bão lệch thêm 100 km nữa thì sức gió sẽ giảm nhiều, đất liền Việt Nam chỉ có gió cấp 6', ông Khiêm phân tích. Dự báo hướng đi, vùng ảnh hưởng bão Yagi, chiều 4/9. Ảnh: Hệ thống giám sát thiên tai Kịch bản xấu khi bão đi lệch xuống phía nam 50 km thì hoàn lưu bão sẽ bao trùm lên toàn bộ đồng bằng Bắc Bộ. Cả Hà Nội, Bắc Ninh cũng sẽ có chịu tác động xấu. Ngoài gió giật mạnh, các tỉnh ven biển sóng sẽ cao 9 m, sau tăng lên 11 m. Hiện thủy triều đang thấp nên sóng cao sẽ ít ảnh hưởng, nhưng do mưa lớn dẫn tới khu vực trũng thấp, ven biển vẫn có khả năng ngập úng. Thứ trưởng Nông nghiệp và Phát triển nông thôn Nguyễn Hoàng Hiệp đánh giá nhiều năm qua Việt Nam chưa phải trải qua cơn bão mạnh như hiện tại với mức độ ảnh hưởng lớn ở cả trên biển, đất liền, đồng bằng và vùng núi. 'Khu vực dự báo bão đổ bộ là trọng điểm phát triển kinh tế, xã hội ở miền Bắc cả về công nghiệp và nông nghiệp nên nếu chủ quan thì thiệt hại sẽ rất lớn', ông nói. Lãnh đạo Bộ đề nghị cơ quan khí tượng cung cấp thông tin dự báo sớm. Bản tin 14h ngày mai sẽ quyết định phương hướng chỉ đạo phòng chống bão. Nếu ở mức độ hiện tại thì Thủ tướng sẽ thành lập Ban chỉ đạo tiền phương. Nếu lên mức siêu bão thì thẩm quyền chỉ đạo sẽ là Chủ tịch nước. Ảnh vệ tinh bão Yagi lúc 15h40. Ảnh: Trung tâm Mạng lưới Khí tượng Thủy văn quốc gia Kết luận tại cuộc họp, Bộ trưởng Nông nghiệp và Phát triển nông thôn Lê Minh Hoan nói Trung ương sẽ có chỉ đạo, nhưng ngay từ bây giờ địa phương cần chủ động đưa ra các tình huống, kịch bản để hạn chế rủi ro tính mạng, tài sản của người dân với tinh thần 'hành động không hối tiếc'. Các địa phương có thể cấm biển, cấm hoạt động đông người như họp chợ, hoãn khai giảng và sẵn sàng sử dụng doanh trại, đồn biên phòng để làm nơi di tản người dân. Hiện, Bộ đội biên phòng các tỉnh đã hướng dẫn cho 504 tàu, hơn 3.300 lao động hoạt động ở khu vực nguy hiểm về nơi tránh trú. Về hồ chứa, ở Bắc Bộ có 120 hồ hư hỏng, 77 hồ đang thi công. Trung Bộ có 140 hồ hư hỏng, 63 hồ đang thi công. Đê biển đang được thiết kế chống chịu bão cấp 9-10. Theo thống kê, tuyến đê biển, đê cửa sông từ Quảng Ninh đến Quảng Ngãi có 91 trọng điểm xung yếu, trong đó có 31 điểm ở miền Bắc. Bắc Bộ và Bắc Trung Bộ còn 15.000 ha lúa hè thua đang chuẩn bị thu hoạch, gần một triệu ha lúa mùa đang ở giai đoạn hóa đòng, nếu ngập quá 24 giờ sẽ hỏng. Gia Chính","4/9/2024 17:03","VnExpress","VnExpress","0"
